[Licensing::Module] Trying to connect to existing licensing client channel...
Built from '6000.3/staging' branch; Version is '6000.3.8f1 (1c7db571dde0) revision 1867189'; Using compiler version '194234433'; Build Type 'Release'
OS: 'Windows 11  (10.0.26200) CoreSingleLanguage' Language: 'pt' Physical Memory: 16108 MB
[Licensing::IpcConnector] Successfully connected to: "LicenseClient-wavul" at "2026-05-20T14:05:14.0682189Z"
BatchMode: 1, IsHumanControllingUs: 0, StartBugReporterOnCrash: 0, Is64bit: 1
System  architecture: x64
Process architecture: x64
Date: 2026-05-20T14:05:14Z

COMMAND LINE ARGUMENTS:
C:\Program Files\Unity\Hub\Editor\6000.3.8f1\Editor\Unity.exe
-adb2
-batchMode
-noUpm
-name
AssetImportWorker4
-projectPath
D:/MasterCrabHunter(cenario)
-logFile
Logs/AssetImportWorker4.log
-srvPort
62745
-licensingIpc
LicenseClient-wavul
-job-worker-count
5
-background-job-worker-count
8
-gc-helper-count
1
-name
AssetImport
Successfully changed project path to: D:/MasterCrabHunter(cenario)
D:/MasterCrabHunter(cenario)
[UnityMemory] Configuration Parameters - Can be set up in boot.config
    "memorysetup-temp-allocator-size-nav-mesh-worker=65536"
    "memorysetup-temp-allocator-size-audio-worker=65536"
    "memorysetup-temp-allocator-size-gfx=262144"
    "memorysetup-allocator-temp-initial-block-size-main=262144"
    "memorysetup-allocator-temp-initial-block-size-worker=262144"
    "memorysetup-temp-allocator-size-background-worker=32768"
    "memorysetup-temp-allocator-size-job-worker=262144"
    "memorysetup-temp-allocator-size-preload-manager=33554432"
    "memorysetup-temp-allocator-size-gi-baking-worker=262144"
    "memorysetup-temp-allocator-size-gi-baking-worker=262144"
    "memorysetup-temp-allocator-size-gi-baking-worker=262144"
    "memorysetup-temp-allocator-size-gi-baking-worker=262144"
    "memorysetup-temp-allocator-size-gi-baking-worker=262144"
    "memorysetup-bucket-allocator-granularity=16"
    "memorysetup-bucket-allocator-bucket-count=8"
    "memorysetup-bucket-allocator-block-size=33554432"
    "memorysetup-bucket-allocator-block-count=8"
    "memorysetup-main-allocator-block-size=16777216"
    "memorysetup-thread-allocator-block-size=16777216"
    "memorysetup-gfx-main-allocator-block-size=16777216"
    "memorysetup-gfx-thread-allocator-block-size=16777216"
    "memorysetup-cache-allocator-block-size=4194304"
    "memorysetup-typetree-allocator-block-size=2097152"
    "memorysetup-profiler-bucket-allocator-granularity=16"
    "memorysetup-profiler-bucket-allocator-bucket-count=8"
    "memorysetup-profiler-bucket-allocator-block-size=33554432"
    "memorysetup-profiler-bucket-allocator-block-count=8"
    "memorysetup-profiler-allocator-block-size=16777216"
    "memorysetup-profiler-editor-allocator-block-size=1048576"
    "memorysetup-temp-allocator-size-main=16777216"
    "memorysetup-job-temp-allocator-block-size=2097152"
    "memorysetup-job-temp-allocator-block-size-background=1048576"
    "memorysetup-job-temp-allocator-reduction-small-platforms=262144"
    "memorysetup-temp-allocator-size-cloud-worker=32768"
Player connection [29664]  Target information:

Player connection [29664]  * "[IP] 26.197.128.158 [Port] 0 [Flags] 2 [Guid] 2384324291 [EditorId] 2384324291 [Version] 1048832 [Id] WindowsEditor(7,Digi_twig) [Debug] 1 [PackageName] WindowsEditor [ProjectName] Editor" 

Player connection [29664]  * "[IP] 192.168.0.199 [Port] 0 [Flags] 2 [Guid] 2384324291 [EditorId] 2384324291 [Version] 1048832 [Id] WindowsEditor(7,Digi_twig) [Debug] 1 [PackageName] WindowsEditor [ProjectName] Editor" 

Player connection [29664] Host joined multi-casting on [225.0.0.222:54997]...
Player connection [29664] Host joined alternative multi-casting on [225.0.0.222:34997]...
JobSystem: Creating JobQueue using job-worker-count value 5
Input System module state changed to: Initialized.
[Physics::Module] Initialized fallback backend.
[Physics::Module] Id: 0xdecafbad
Library Redirect Path: Library/
[Physics::Module] Selected backend.
[Physics::Module] Name: PhysX
[Physics::Module] Id: 0xf2b8ea05
[Physics::Module] SDK Version: 4.1.2
[Physics::Module] Integration Version: 1.0.0
[Physics::Module] Threading Mode: Multi-Threaded
Refreshing native plugins compatible for Editor in 164.55 ms, found 4 plugins.
Preloading 0 native plugins for Editor in 0.00 ms.
Initialize engine version: 6000.3.8f1 (1c7db571dde0)
[Subsystems] Discovering subsystems at path C:/Program Files/Unity/Hub/Editor/6000.3.8f1/Editor/Data/Resources/UnitySubsystems
[Subsystems] Discovering subsystems at path D:/MasterCrabHunter(cenario)/Assets
GfxDevice: creating device client; kGfxThreadingModeNonThreaded
Direct3D:
    Version:  Direct3D 11.0 [level 11.1]
    Renderer: NVIDIA GeForce RTX 2050 (ID=0x25ed)
    Vendor:   NVIDIA
    VRAM:     3964 MB
    Driver:   32.0.15.6636
Initialize mono
Mono path[0] = 'C:/Program Files/Unity/Hub/Editor/6000.3.8f1/Editor/Data/Managed'
Mono path[1] = 'C:/Program Files/Unity/Hub/Editor/6000.3.8f1/Editor/Data/MonoBleedingEdge/lib/mono/unityjit-win32'
Mono config path = 'C:/Program Files/Unity/Hub/Editor/6000.3.8f1/Editor/Data/MonoBleedingEdge/etc'
Using monoOptions --debugger-agent=transport=dt_socket,embedding=1,server=y,suspend=n,address=127.0.0.1:56660
Begin MonoManager ReloadAssembly
Registering precompiled unity dll's ...
Register platform support module: C:/Program Files/Unity/Hub/Editor/6000.3.8f1/Editor/Data/PlaybackEngines/WindowsStandaloneSupport/UnityEditor.WindowsStandalone.Extensions.dll
Registered in 0.002615 seconds.
- Loaded All Assemblies, in  0.668 seconds
Native extension for WindowsStandalone target not found
[Licensing::Client] Handshaking with LicensingClient:
  Version:                 1.17.4+4293ba1
  Session Id:              a78f906fc91d4f2ab0047fb1116cd588
  Correlation Id:          105c29228985e94f401ecd67beba4919
  External correlation Id: 7283813494304558926
  Machine Id:              KtsiXdAM/uV36trPzjml9a5Sk5I=
[Licensing::Module] Successfully connected to LicensingClient on channel: "LicenseClient-wavul" (connect: 0.00s, validation: 0.01s, handshake: 2.71s)
[Licensing::IpcConnector] Successfully connected to: "LicenseClient-wavul-notifications" at "2026-05-20T14:05:16.7883759Z"
[Licensing::Module] Licensing Background thread has ended after 2.72s
ScheduleIndexationOnStartup MainProcess:False IndexOnStartup:True
Mono: successfully reloaded assembly
- Finished resetting the current domain, in  0.619 seconds
Domain Reload Profiling: 1286ms
	BeginReloadAssembly (255ms)
		ExecutionOrderSort (0ms)
		DisableScriptedObjects (0ms)
		BackupInstance (0ms)
		ReleaseScriptingObjects (0ms)
		CreateAndSetChildDomain (2ms)
	RebuildCommonClasses (61ms)
	RebuildNativeTypeToScriptingClass (16ms)
	initialDomainReloadingComplete (76ms)
	LoadAllAssembliesAndSetupDomain (257ms)
		LoadAssemblies (248ms)
		RebuildTransferFunctionScriptingTraits (0ms)
		AnalyzeDomain (252ms)
			TypeCache.Refresh (250ms)
				TypeCache.ScanAssembly (231ms)
			BuildScriptInfoCaches (0ms)
			ResolveRequiredComponents (1ms)
	FinalizeReload (622ms)
		ReleaseScriptCaches (0ms)
		RebuildScriptCaches (0ms)
		SetupLoadedEditorAssemblies (546ms)
			LogAssemblyErrors (0ms)
			InitializePlatformSupportModulesInManaged (69ms)
			SetLoadedEditorAssemblies (6ms)
			BeforeProcessingInitializeOnLoad (116ms)
			ProcessInitializeOnLoadAttributes (217ms)
			ProcessInitializeOnLoadMethodAttributes (139ms)
			AfterProcessingInitializeOnLoad (0ms)
			EditorAssembliesLoaded (0ms)
		ExecutionOrderSort2 (0ms)
		AwakeInstancesAfterBackupRestoration (0ms)
========================================================================
Worker process is ready to serve import requests
Import Worker Mode flag is 0x00
Begin MonoManager ReloadAssembly
[Licensing::Client] Successfully resolved entitlement details
[Licensing::Module] License group:
  Id: 4674195954208-UnityPersXXXX
  Product: Unity Personal
  Type: Assigned
  Expiration: Unlimited
- Loaded All Assemblies, in  3.407 seconds
Refreshing native plugins compatible for Editor in 0.98 ms, found 4 plugins.
Native extension for WindowsStandalone target not found
Package Manager log level set to [2]
[Package Manager] Failed to launch server process. Reason: Unity was launched with the -noUpm command-line argument
[Package Manager] Unable to send message (not connected to server process).
[Package Manager] Cannot connect to Unity Package Manager local server
ScheduleIndexationOnStartup MainProcess:False IndexOnStartup:True
Mono: successfully reloaded assembly
- Finished resetting the current domain, in  1.324 seconds
Domain Reload Profiling: 4726ms
	BeginReloadAssembly (328ms)
		ExecutionOrderSort (0ms)
		DisableScriptedObjects (9ms)
		BackupInstance (0ms)
		ReleaseScriptingObjects (0ms)
		CreateAndSetChildDomain (50ms)
	RebuildCommonClasses (77ms)
	RebuildNativeTypeToScriptingClass (15ms)
	initialDomainReloadingComplete (50ms)
	LoadAllAssembliesAndSetupDomain (2931ms)
		LoadAssemblies (2691ms)
		RebuildTransferFunctionScriptingTraits (0ms)
		AnalyzeDomain (427ms)
			TypeCache.Refresh (315ms)
				TypeCache.ScanAssembly (295ms)
			BuildScriptInfoCaches (93ms)
			ResolveRequiredComponents (13ms)
	FinalizeReload (1325ms)
		ReleaseScriptCaches (0ms)
		RebuildScriptCaches (0ms)
		SetupLoadedEditorAssemblies (1013ms)
			LogAssemblyErrors (0ms)
			InitializePlatformSupportModulesInManaged (5ms)
			SetLoadedEditorAssemblies (7ms)
			BeforeProcessingInitializeOnLoad (179ms)
			ProcessInitializeOnLoadAttributes (580ms)
			ProcessInitializeOnLoadMethodAttributes (228ms)
			AfterProcessingInitializeOnLoad (14ms)
			EditorAssembliesLoaded (0ms)
		ExecutionOrderSort2 (0ms)
		AwakeInstancesAfterBackupRestoration (11ms)
Launched and connected shader compiler UnityShaderCompiler.exe after 0.04 seconds
Refreshing native plugins compatible for Editor in 4.70 ms, found 4 plugins.
Preloading 0 native plugins for Editor in 0.00 ms.
Unloading 16 Unused Serialized files (Serialized files now loaded: 0)
Unloading 6909 unused Assets / (9.2 MB). Loaded Objects now: 7727.
Memory consumption went from 154.3 MB to 145.0 MB.
Total: 34.458600 ms (FindLiveObjects: 3.228000 ms CreateObjectMapping: 0.899200 ms MarkObjects: 18.079600 ms  DeleteObjects: 12.249300 ms)

========================================================================
Received Import Request.
  Time since last request: 46973.183646 seconds.
  path: Assets/_Sprites/ElementosDoMercado/bancadas do mercado/bancada5
  artifactKey: Guid(afe914a2dce1ab04a805b5991f17a6cc) Importer(815301076,1909f56bfc062723c751e8b465ee728b)
Start importing Assets/_Sprites/ElementosDoMercado/bancadas do mercado/bancada5 using Guid(afe914a2dce1ab04a805b5991f17a6cc) Importer(815301076,1909f56bfc062723c751e8b465ee728b) (PreviewImporter) -> (artifact id: 'abbe1870ff7e1f2cfdbf5dc5dae022a6') in 0.0211049 seconds
Number of updated asset objects reloaded before import = 0Number of asset objects unloaded after import = 0

========================================================================
Received Import Request.
  Time since last request: 0.910346 seconds.
  path: Assets/_Sprites/ElementosDoMercado/bancadas do mercado/bancada5
  artifactKey: Guid(afe914a2dce1ab04a805b5991f17a6cc) Importer(2089858483,b0f066a214c2f5e87bad3c948f4d605d)
Start importing Assets/_Sprites/ElementosDoMercado/bancadas do mercado/bancada5 using Guid(afe914a2dce1ab04a805b5991f17a6cc) Importer(2089858483,b0f066a214c2f5e87bad3c948f4d605d) (ScriptedImporter) -> (artifact id: 'c1262d021cbdafb8a68bbbf1ef51e127') in 0.0680111 seconds
Number of updated asset objects reloaded before import = 0Number of asset objects unloaded after import = 1

========================================================================
Received Import Request.
  Time since last request: 8.483605 seconds.
  path: Assets/_Sprites/ElementosDoMercado/bancadas do mercado/bancada6
  artifactKey: Guid(0026f212cb3bbfe42b0a041ce31d675d) Importer(815301076,1909f56bfc062723c751e8b465ee728b)
Start importing Assets/_Sprites/ElementosDoMercado/bancadas do mercado/bancada6 using Guid(0026f212cb3bbfe42b0a041ce31d675d) Importer(815301076,1909f56bfc062723c751e8b465ee728b) (PreviewImporter) -> (artifact id: '729c953ea7735d39dee903ee8a0334e4') in 0.0016107 seconds
Number of updated asset objects reloaded before import = 0Number of asset objects unloaded after import = 0

========================================================================
Received Import Request.
  Time since last request: 0.901705 seconds.
  path: Assets/_Sprites/ElementosDoMercado/bancadas do mercado/bancada6
  artifactKey: Guid(0026f212cb3bbfe42b0a041ce31d675d) Importer(2089858483,b0f066a214c2f5e87bad3c948f4d605d)
Start importing Assets/_Sprites/ElementosDoMercado/bancadas do mercado/bancada6 using Guid(0026f212cb3bbfe42b0a041ce31d675d) Importer(2089858483,b0f066a214c2f5e87bad3c948f4d605d) (ScriptedImporter) -> (artifact id: '3f2a0fce585ed3df438325c5e2f41d6b') in 0.0078788 seconds
Number of updated asset objects reloaded before import = 0Number of asset objects unloaded after import = 1

========================================================================
Received Import Request.
  Time since last request: 0.000031 seconds.
  path: Assets/_Sprites/ElementosDoMercado/bancadas do mercado/bancada6/mesa 5.prefab
  artifactKey: Guid(3b97407f89e3c0e499195f01abd9912c) Importer(2089858483,b0f066a214c2f5e87bad3c948f4d605d)
Start importing Assets/_Sprites/ElementosDoMercado/bancadas do mercado/bancada6/mesa 5.prefab using Guid(3b97407f89e3c0e499195f01abd9912c) Importer(2089858483,b0f066a214c2f5e87bad3c948f4d605d) (ScriptedImporter) -> (artifact id: '9cc0f09e885ace0fa06caa16776842d9') in 0.0994497 seconds
Number of updated asset objects reloaded before import = 0Number of asset objects unloaded after import = 10

========================================================================
Received Import Request.
  Time since last request: 11.134345 seconds.
  path: Assets/_Sprites/ElementosDoMercado/bancadas do mercado/sombrasdamesa
  artifactKey: Guid(3b7f8537402f170448e84afaa0777db7) Importer(815301076,1909f56bfc062723c751e8b465ee728b)
Start importing Assets/_Sprites/ElementosDoMercado/bancadas do mercado/sombrasdamesa using Guid(3b7f8537402f170448e84afaa0777db7) Importer(815301076,1909f56bfc062723c751e8b465ee728b) (PreviewImporter) -> (artifact id: '0e712def39894ac60ff464feee9fc66a') in 0.0015513 seconds
Number of updated asset objects reloaded before import = 0Number of asset objects unloaded after import = 0

========================================================================
Received Import Request.
  Time since last request: 0.890183 seconds.
  path: Assets/_Sprites/ElementosDoMercado/bancadas do mercado/sombrasdamesa
  artifactKey: Guid(3b7f8537402f170448e84afaa0777db7) Importer(2089858483,b0f066a214c2f5e87bad3c948f4d605d)
Start importing Assets/_Sprites/ElementosDoMercado/bancadas do mercado/sombrasdamesa using Guid(3b7f8537402f170448e84afaa0777db7) Importer(2089858483,b0f066a214c2f5e87bad3c948f4d605d) (ScriptedImporter) -> (artifact id: 'd7ce8be61c4a02529d09b0a21652c1c2') in 0.0071221 seconds
Number of updated asset objects reloaded before import = 0Number of asset objects unloaded after import = 1

========================================================================
Received Import Request.
  Time since last request: 0.000019 seconds.
  path: Assets/_Sprites/ElementosDoMercado/bancadas do mercado/sombrasdamesa/sombra 2.png
  artifactKey: Guid(ed8d637591ada4f40943ee54a39abda3) Importer(2089858483,b0f066a214c2f5e87bad3c948f4d605d)
Start importing Assets/_Sprites/ElementosDoMercado/bancadas do mercado/sombrasdamesa/sombra 2.png using Guid(ed8d637591ada4f40943ee54a39abda3) Importer(2089858483,b0f066a214c2f5e87bad3c948f4d605d) (ScriptedImporter) -> (artifact id: '1a7281a87cc982c0979e82178ee2d429') in 0.0644379 seconds
Number of updated asset objects reloaded before import = 0Number of asset objects unloaded after import = 3

========================================================================
Received Import Request.
  Time since last request: 0.000023 seconds.
  path: Assets/_Sprites/ElementosDoMercado/bancadas do mercado/sombrasdamesa/sombra 5.asset
  artifactKey: Guid(fcf18f4cb35ffe440af65acd9295eba7) Importer(2089858483,b0f066a214c2f5e87bad3c948f4d605d)
Start importing Assets/_Sprites/ElementosDoMercado/bancadas do mercado/sombrasdamesa/sombra 5.asset using Guid(fcf18f4cb35ffe440af65acd9295eba7) Importer(2089858483,b0f066a214c2f5e87bad3c948f4d605d) (ScriptedImporter) -> (artifact id: 'b5087d47c24b46dc5c3fb67056ee38ac') in 0.0158763 seconds
Number of updated asset objects reloaded before import = 0Number of asset objects unloaded after import = 2

========================================================================
Received Import Request.
  Time since last request: 0.000023 seconds.
  path: Assets/_Sprites/ElementosDoMercado/bancadas do mercado/sombrasdamesa/sombra 5.png
  artifactKey: Guid(fb523b6749e3ad446911e3aa8efe63c4) Importer(2089858483,b0f066a214c2f5e87bad3c948f4d605d)
Start importing Assets/_Sprites/ElementosDoMercado/bancadas do mercado/sombrasdamesa/sombra 5.png using Guid(fb523b6749e3ad446911e3aa8efe63c4) Importer(2089858483,b0f066a214c2f5e87bad3c948f4d605d) (ScriptedImporter) -> (artifact id: '5e7438bd2e188866cd73ba063e00c5e4') in 0.0082915 seconds
Number of updated asset objects reloaded before import = 0Number of asset objects unloaded after import = 3

========================================================================
Received Import Request.
  Time since last request: 17.239528 seconds.
  path: Assets/_Sprites/ElementosDoMercado/bancadas do mercado/sombrasdamesa/sombra2.asset
  artifactKey: Guid(a061350878491c343a8623a2cf964226) Importer(815301076,1909f56bfc062723c751e8b465ee728b)
Start importing Assets/_Sprites/ElementosDoMercado/bancadas do mercado/sombrasdamesa/sombra2.asset using Guid(a061350878491c343a8623a2cf964226) Importer(815301076,1909f56bfc062723c751e8b465ee728b) (PreviewImporter) -> (artifact id: 'c7226dce38ea1d3e7d68b4c0c01b22ec') in 0.0886638 seconds
Number of updated asset objects reloaded before import = 0Number of asset objects unloaded after import = 3

========================================================================
Received Import Request.
  Time since last request: 0.836839 seconds.
  path: Assets/_Sprites/ElementosDoMercado/bancadas do mercado/sombrasdamesa/sombra2.asset
  artifactKey: Guid(a061350878491c343a8623a2cf964226) Importer(2089858483,b0f066a214c2f5e87bad3c948f4d605d)
Start importing Assets/_Sprites/ElementosDoMercado/bancadas do mercado/sombrasdamesa/sombra2.asset using Guid(a061350878491c343a8623a2cf964226) Importer(2089858483,b0f066a214c2f5e87bad3c948f4d605d) (ScriptedImporter) -> (artifact id: '2835096e5b93e6a0ebbff48ea4fd642b') in 0.0173792 seconds
Number of updated asset objects reloaded before import = 0Number of asset objects unloaded after import = 2

========================================================================
Received Import Request.
  Time since last request: 6.816233 seconds.
  path: Assets/_Sprites/ElementosDoMercado/bancadas do mercado/sombrasdamesa/sombra2.asset
  artifactKey: Guid(a061350878491c343a8623a2cf964226) Importer(815301076,1909f56bfc062723c751e8b465ee728b)
Start importing Assets/_Sprites/ElementosDoMercado/bancadas do mercado/sombrasdamesa/sombra2.asset using Guid(a061350878491c343a8623a2cf964226) Importer(815301076,1909f56bfc062723c751e8b465ee728b) (PreviewImporter) -> (artifact id: '3b776ef677b95e17c3c7edf96b995b66') in 0.0115563 seconds
Number of updated asset objects reloaded before import = 0Number of asset objects unloaded after import = 3

========================================================================
Received Import Request.
  Time since last request: 0.874436 seconds.
  path: Assets/_Sprites/ElementosDoMercado/bancadas do mercado/sombrasdamesa/sombra2.png
  artifactKey: Guid(ed8d637591ada4f40943ee54a39abda3) Importer(2089858483,b0f066a214c2f5e87bad3c948f4d605d)
Start importing Assets/_Sprites/ElementosDoMercado/bancadas do mercado/sombrasdamesa/sombra2.png using Guid(ed8d637591ada4f40943ee54a39abda3) Importer(2089858483,b0f066a214c2f5e87bad3c948f4d605d) (ScriptedImporter) -> (artifact id: '225bff27bf7de1bc676808d04624ffbd') in 0.0129873 seconds
Number of updated asset objects reloaded before import = 0Number of asset objects unloaded after import = 3

========================================================================
Received Import Request.
  Time since last request: 8.793802 seconds.
  path: Assets/_Sprites/ElementosDoMercado/bancadas do mercado/sombrasdamesa/sombra debaixo da mesa .prefab
  artifactKey: Guid(d882655f9e6c27948b521ca95e5d35d2) Importer(815301076,1909f56bfc062723c751e8b465ee728b)
Start importing Assets/_Sprites/ElementosDoMercado/bancadas do mercado/sombrasdamesa/sombra debaixo da mesa .prefab using Guid(d882655f9e6c27948b521ca95e5d35d2) Importer(815301076,1909f56bfc062723c751e8b465ee728b) (PreviewImporter) -> (artifact id: '72d17eda8c20699706ebbd23843f69e0') in 0.4966253 seconds
Number of updated asset objects reloaded before import = 0Number of asset objects unloaded after import = 22

========================================================================
Received Import Request.
  Time since last request: 0.412652 seconds.
  path: Assets/_Sprites/ElementosDoMercado/bancadas do mercado/sombrasdamesa/sombra3.asset
  artifactKey: Guid(2f50e82af9a6cf849aa9198e0437e9bc) Importer(2089858483,b0f066a214c2f5e87bad3c948f4d605d)
Start importing Assets/_Sprites/ElementosDoMercado/bancadas do mercado/sombrasdamesa/sombra3.asset using Guid(2f50e82af9a6cf849aa9198e0437e9bc) Importer(2089858483,b0f066a214c2f5e87bad3c948f4d605d) (ScriptedImporter) -> (artifact id: '8c25e3d0d3bd93d4286af56081865d09') in 0.0054649 seconds
Number of updated asset objects reloaded before import = 0Number of asset objects unloaded after import = 2

========================================================================
Received Import Request.
  Time since last request: 8.742836 seconds.
  path: Assets/_Sprites/ElementosDoMercado/bancadas do mercado/sombrasdamesa/sombra debaixo da mesa .prefab
  artifactKey: Guid(d882655f9e6c27948b521ca95e5d35d2) Importer(815301076,1909f56bfc062723c751e8b465ee728b)
Start importing Assets/_Sprites/ElementosDoMercado/bancadas do mercado/sombrasdamesa/sombra debaixo da mesa .prefab using Guid(d882655f9e6c27948b521ca95e5d35d2) Importer(815301076,1909f56bfc062723c751e8b465ee728b) (PreviewImporter) -> (artifact id: '5095e073edc3ea3ef04325ab280d8384') in 0.1331441 seconds
Number of updated asset objects reloaded before import = 0Number of asset objects unloaded after import = 22

========================================================================
Received Import Request.
  Time since last request: 0.735627 seconds.
  path: Assets/_Sprites/ElementosDoMercado/bancadas do mercado/sombrasdamesa/sombra3.png
  artifactKey: Guid(2f7ef0df8b113e14fb3e7283b6dca9c9) Importer(2089858483,b0f066a214c2f5e87bad3c948f4d605d)
Start importing Assets/_Sprites/ElementosDoMercado/bancadas do mercado/sombrasdamesa/sombra3.png using Guid(2f7ef0df8b113e14fb3e7283b6dca9c9) Importer(2089858483,b0f066a214c2f5e87bad3c948f4d605d) (ScriptedImporter) -> (artifact id: 'fb7fe06e66e1f126604df9dba62207a8') in 0.0101997 seconds
Number of updated asset objects reloaded before import = 0Number of asset objects unloaded after import = 3

========================================================================
Received Import Request.
  Time since last request: 6.182898 seconds.
  path: Assets/_Sprites/ElementosDoMercado/bancadas do mercado/sombrasdamesa/sombra3_0.asset
  artifactKey: Guid(6c97015a02e005c499bda29a9aaf7bc9) Importer(815301076,1909f56bfc062723c751e8b465ee728b)
Start importing Assets/_Sprites/ElementosDoMercado/bancadas do mercado/sombrasdamesa/sombra3_0.asset using Guid(6c97015a02e005c499bda29a9aaf7bc9) Importer(815301076,1909f56bfc062723c751e8b465ee728b) (PreviewImporter) -> (artifact id: '27edbc87e165bc4f5d224f3581913750') in 0.0031134 seconds
Number of updated asset objects reloaded before import = 0Number of asset objects unloaded after import = 1

========================================================================
Received Import Request.
  Time since last request: 0.884557 seconds.
  path: Assets/_Sprites/ElementosDoMercado/bancadas do mercado/sombrasdamesa/sombra3_0.asset
  artifactKey: Guid(6c97015a02e005c499bda29a9aaf7bc9) Importer(2089858483,b0f066a214c2f5e87bad3c948f4d605d)
Start importing Assets/_Sprites/ElementosDoMercado/bancadas do mercado/sombrasdamesa/sombra3_0.asset using Guid(6c97015a02e005c499bda29a9aaf7bc9) Importer(2089858483,b0f066a214c2f5e87bad3c948f4d605d) (ScriptedImporter) -> (artifact id: '9532268316ff344f7ece72c5a0a6a1dc') in 0.0094816 seconds
Number of updated asset objects reloaded before import = 0Number of asset objects unloaded after import = 1

========================================================================
Received Import Request.
  Time since last request: 7.702102 seconds.
  path: Assets/_Sprites/ElementosDoMercado/bancadas do mercado/sombrasdamesa/sombra debaixo da mesa .prefab
  artifactKey: Guid(d882655f9e6c27948b521ca95e5d35d2) Importer(815301076,1909f56bfc062723c751e8b465ee728b)
Start importing Assets/_Sprites/ElementosDoMercado/bancadas do mercado/sombrasdamesa/sombra debaixo da mesa .prefab using Guid(d882655f9e6c27948b521ca95e5d35d2) Importer(815301076,1909f56bfc062723c751e8b465ee728b) (PreviewImporter) -> (artifact id: '97cc7ffb5c91e41a2843d91c26b1d5cc') in 0.0352881 seconds
Number of updated asset objects reloaded before import = 0Number of asset objects unloaded after import = 22

========================================================================
Received Import Request.
  Time since last request: 0.861889 seconds.
  path: Assets/_Sprites/ElementosDoMercado/bancadas do mercado/sombrasdamesa/sombra4.asset
  artifactKey: Guid(c4fdb5dfc1b0ce040aab2058022c3a42) Importer(2089858483,b0f066a214c2f5e87bad3c948f4d605d)
Start importing Assets/_Sprites/ElementosDoMercado/bancadas do mercado/sombrasdamesa/sombra4.asset using Guid(c4fdb5dfc1b0ce040aab2058022c3a42) Importer(2089858483,b0f066a214c2f5e87bad3c948f4d605d) (ScriptedImporter) -> (artifact id: 'd8a002abfa082071ea5af6e9de6731b1') in 0.0114887 seconds
Number of updated asset objects reloaded before import = 0Number of asset objects unloaded after import = 2

========================================================================
Received Import Request.
  Time since last request: 5.001625 seconds.
  path: Assets/_Sprites/ElementosDoMercado/bancadas do mercado/sombrasdamesa/sombra debaixo da mesa .prefab
  artifactKey: Guid(d882655f9e6c27948b521ca95e5d35d2) Importer(815301076,1909f56bfc062723c751e8b465ee728b)
Start importing Assets/_Sprites/ElementosDoMercado/bancadas do mercado/sombrasdamesa/sombra debaixo da mesa .prefab using Guid(d882655f9e6c27948b521ca95e5d35d2) Importer(815301076,1909f56bfc062723c751e8b465ee728b) (PreviewImporter) -> (artifact id: '4939fa4bd70279b60e84c3264cad7c23') in 0.0672057 seconds
Number of updated asset objects reloaded before import = 0Number of asset objects unloaded after import = 22

========================================================================
Received Import Request.
  Time since last request: 0.820324 seconds.
  path: Assets/_Sprites/ElementosDoMercado/bancadas do mercado/sombrasdamesa/sombra4.png
  artifactKey: Guid(18e774351540dfc4884d82d2f1757c52) Importer(2089858483,b0f066a214c2f5e87bad3c948f4d605d)
Start importing Assets/_Sprites/ElementosDoMercado/bancadas do mercado/sombrasdamesa/sombra4.png using Guid(18e774351540dfc4884d82d2f1757c52) Importer(2089858483,b0f066a214c2f5e87bad3c948f4d605d) (ScriptedImporter) -> (artifact id: '520b10c0c9296de6b42b01a55e10ffd9') in 0.0123379 seconds
Number of updated asset objects reloaded before import = 0Number of asset objects unloaded after import = 3

========================================================================
Received Import Request.
  Time since last request: 859.861885 seconds.
  path: Assets/_Sprites/ElementosDoMercado/bancadas do mercado/sombrasdamesa/sombra4_0.asset
  artifactKey: Guid(97ad4542e6aef0d4ca8b093f1beda8bf) Importer(815301076,1909f56bfc062723c751e8b465ee728b)
Start importing Assets/_Sprites/ElementosDoMercado/bancadas do mercado/sombrasdamesa/sombra4_0.asset using Guid(97ad4542e6aef0d4ca8b093f1beda8bf) Importer(815301076,1909f56bfc062723c751e8b465ee728b) (PreviewImporter) -> (artifact id: '6f93f00a856d896dafac521148acb579') in 0.0166777 seconds
Number of updated asset objects reloaded before import = 0Number of asset objects unloaded after import = 1

========================================================================
Received Import Request.
  Time since last request: 0.705460 seconds.
  path: Assets/_Sprites/ElementosDoMercado/bancadas do mercado/sombrasdamesa/sombra4_0.asset
  artifactKey: Guid(97ad4542e6aef0d4ca8b093f1beda8bf) Importer(2089858483,b0f066a214c2f5e87bad3c948f4d605d)
Start importing Assets/_Sprites/ElementosDoMercado/bancadas do mercado/sombrasdamesa/sombra4_0.asset using Guid(97ad4542e6aef0d4ca8b093f1beda8bf) Importer(2089858483,b0f066a214c2f5e87bad3c948f4d605d) (ScriptedImporter) -> (artifact id: '1d6eb8c867166f6b962db5cca3e7abe9') in 0.0413437 seconds
Number of updated asset objects reloaded before import = 0Number of asset objects unloaded after import = 1

========================================================================
Received Import Request.
  Time since last request: 99.887223 seconds.
  path: Assets/_Sprites/ElementosDoMercado/bancadas do mercado/sombrasdamesa/sombra debaixo da mesa .prefab
  artifactKey: Guid(d882655f9e6c27948b521ca95e5d35d2) Importer(815301076,1909f56bfc062723c751e8b465ee728b)
Start importing Assets/_Sprites/ElementosDoMercado/bancadas do mercado/sombrasdamesa/sombra debaixo da mesa .prefab using Guid(d882655f9e6c27948b521ca95e5d35d2) Importer(815301076,1909f56bfc062723c751e8b465ee728b) (PreviewImporter) -> (artifact id: '9ab9bb46fe375cbd94e0433f37f8deb4') in 0.0906281 seconds
Number of updated asset objects reloaded before import = 0Number of asset objects unloaded after import = 22

========================================================================
Received Import Request.
  Time since last request: 0.779254 seconds.
  path: Assets/_Sprites/ElementosDoMercado/bancadas do mercado/sombrasdamesa/sombra5.asset
  artifactKey: Guid(fcf18f4cb35ffe440af65acd9295eba7) Importer(2089858483,b0f066a214c2f5e87bad3c948f4d605d)
Start importing Assets/_Sprites/ElementosDoMercado/bancadas do mercado/sombrasdamesa/sombra5.asset using Guid(fcf18f4cb35ffe440af65acd9295eba7) Importer(2089858483,b0f066a214c2f5e87bad3c948f4d605d) (ScriptedImporter) -> (artifact id: 'e693d0323d18a63811eb6c4d33103ecc') in 0.0156088 seconds
Number of updated asset objects reloaded before import = 0Number of asset objects unloaded after import = 2

========================================================================
Received Import Request.
  Time since last request: 9.103887 seconds.
  path: Assets/_Sprites/ElementosDoMercado/bancadas do mercado/sombrasdamesa/sombra debaixo da mesa .prefab
  artifactKey: Guid(d882655f9e6c27948b521ca95e5d35d2) Importer(815301076,1909f56bfc062723c751e8b465ee728b)
Start importing Assets/_Sprites/ElementosDoMercado/bancadas do mercado/sombrasdamesa/sombra debaixo da mesa .prefab using Guid(d882655f9e6c27948b521ca95e5d35d2) Importer(815301076,1909f56bfc062723c751e8b465ee728b) (PreviewImporter) -> (artifact id: '02ca8306a8e25fdb4313236450b8de34') in 0.0287969 seconds
Number of updated asset objects reloaded before import = 0Number of asset objects unloaded after import = 22

========================================================================
Received Import Request.
  Time since last request: 0.843434 seconds.
  path: Assets/_Sprites/ElementosDoMercado/bancadas do mercado/sombrasdamesa/sombra5.png
  artifactKey: Guid(fb523b6749e3ad446911e3aa8efe63c4) Importer(2089858483,b0f066a214c2f5e87bad3c948f4d605d)
Start importing Assets/_Sprites/ElementosDoMercado/bancadas do mercado/sombrasdamesa/sombra5.png using Guid(fb523b6749e3ad446911e3aa8efe63c4) Importer(2089858483,b0f066a214c2f5e87bad3c948f4d605d) (ScriptedImporter) -> (artifact id: '7e2b9e0c00a3aa2695f45c0660caa943') in 0.0407397 seconds
Number of updated asset objects reloaded before import = 0Number of asset objects unloaded after import = 3

========================================================================
Received Import Request.
  Time since last request: 18.643612 seconds.
  path: Assets/_Sprites/ElementosDoMercado/bancadas do mercado/sombrasdamesa/sombradebaixodamesa.prefab
  artifactKey: Guid(d882655f9e6c27948b521ca95e5d35d2) Importer(815301076,1909f56bfc062723c751e8b465ee728b)
Start importing Assets/_Sprites/ElementosDoMercado/bancadas do mercado/sombrasdamesa/sombradebaixodamesa.prefab using Guid(d882655f9e6c27948b521ca95e5d35d2) Importer(815301076,1909f56bfc062723c751e8b465ee728b) (PreviewImporter) -> (artifact id: '4fb3c857f6be2a9429253227ed0d6ad8') in 0.0207441 seconds
Number of updated asset objects reloaded before import = 0Number of asset objects unloaded after import = 22

========================================================================
Received Import Request.
  Time since last request: 0.845382 seconds.
  path: Assets/_Sprites/ElementosDoMercado/bancadas do mercado/sombrasdamesa/sombradebaixodamesa.prefab
  artifactKey: Guid(d882655f9e6c27948b521ca95e5d35d2) Importer(2089858483,b0f066a214c2f5e87bad3c948f4d605d)
Start importing Assets/_Sprites/ElementosDoMercado/bancadas do mercado/sombrasdamesa/sombradebaixodamesa.prefab using Guid(d882655f9e6c27948b521ca95e5d35d2) Importer(2089858483,b0f066a214c2f5e87bad3c948f4d605d) (ScriptedImporter) -> (artifact id: '57b70a8d4887680d77e814d59013cd8b') in 0.0285259 seconds
Number of updated asset objects reloaded before import = 0Number of asset objects unloaded after import = 10

========================================================================
Received Import Request.
  Time since last request: 120.517190 seconds.
  path: Assets/_Sprites/NPCs/NPC4
  artifactKey: Guid(c64e2bfae345c9e4584fb6460516acb8) Importer(815301076,1909f56bfc062723c751e8b465ee728b)
Start importing Assets/_Sprites/NPCs/NPC4 using Guid(c64e2bfae345c9e4584fb6460516acb8) Importer(815301076,1909f56bfc062723c751e8b465ee728b) (PreviewImporter) -> (artifact id: 'd3f3a01da6610f04f4ec2d16ab08a2bd') in 0.0014353 seconds
Number of updated asset objects reloaded before import = 0Number of asset objects unloaded after import = 0

========================================================================
Received Import Request.
  Time since last request: 0.890419 seconds.
  path: Assets/_Sprites/NPCs/NPC4
  artifactKey: Guid(c64e2bfae345c9e4584fb6460516acb8) Importer(2089858483,b0f066a214c2f5e87bad3c948f4d605d)
Start importing Assets/_Sprites/NPCs/NPC4 using Guid(c64e2bfae345c9e4584fb6460516acb8) Importer(2089858483,b0f066a214c2f5e87bad3c948f4d605d) (ScriptedImporter) -> (artifact id: '9fe55e503d8682a6af9eff43f4066315') in 0.0114877 seconds
Number of updated asset objects reloaded before import = 0Number of asset objects unloaded after import = 1

========================================================================
Received Import Request.
  Time since last request: 12.391217 seconds.
  path: Assets/_Sprites/parededomercado/Materials
  artifactKey: Guid(699cbc2373479c14e9ab064e0daeae3d) Importer(815301076,1909f56bfc062723c751e8b465ee728b)
Start importing Assets/_Sprites/parededomercado/Materials using Guid(699cbc2373479c14e9ab064e0daeae3d) Importer(815301076,1909f56bfc062723c751e8b465ee728b) (PreviewImporter) -> (artifact id: '2a986b50db2db26e63c2f66fe854fee0') in 0.0035494 seconds
Number of updated asset objects reloaded before import = 0Number of asset objects unloaded after import = 0

========================================================================
Received Import Request.
  Time since last request: 0.036517 seconds.
  path: Assets/_Sprites/parededomercado/Materials/Copilot_20260516_202922.mat
  artifactKey: Guid(2538292eb9ff973498a1ae593253de9c) Importer(815301076,1909f56bfc062723c751e8b465ee728b)
Start importing Assets/_Sprites/parededomercado/Materials/Copilot_20260516_202922.mat using Guid(2538292eb9ff973498a1ae593253de9c) Importer(815301076,1909f56bfc062723c751e8b465ee728b) (PreviewImporter) -> (artifact id: 'e8c631877f031408c4da433f4d7294c1') in 0.1725958 seconds
Number of updated asset objects reloaded before import = 0Number of asset objects unloaded after import = 1

========================================================================
Received Import Request.
  Time since last request: 68.672128 seconds.
  path: Assets/_Sprites/pisodomercado/Paleta_Mercado.prefab
  artifactKey: Guid(03a026f541e36ea4c94bb91b1cb17727) Importer(815301076,1909f56bfc062723c751e8b465ee728b)
Start importing Assets/_Sprites/pisodomercado/Paleta_Mercado.prefab using Guid(03a026f541e36ea4c94bb91b1cb17727) Importer(815301076,1909f56bfc062723c751e8b465ee728b) (PreviewImporter) -> (artifact id: '8b732fba7c49c4a0d5e522f99d6c58e6') in 0.0469054 seconds
Number of updated asset objects reloaded before import = 0Number of asset objects unloaded after import = 23

========================================================================
Received Import Request.
  Time since last request: 0.822659 seconds.
  path: Assets/_Sprites/pisodomercado/piso-do-mercado_0.asset
  artifactKey: Guid(b0d9adc5cffa61943ac3a90c161b9dd8) Importer(2089858483,b0f066a214c2f5e87bad3c948f4d605d)
Start importing Assets/_Sprites/pisodomercado/piso-do-mercado_0.asset using Guid(b0d9adc5cffa61943ac3a90c161b9dd8) Importer(2089858483,b0f066a214c2f5e87bad3c948f4d605d) (ScriptedImporter) -> (artifact id: '137cd5fd506b7c9c06f4f67b9b6c767e') in 0.0142839 seconds
Number of updated asset objects reloaded before import = 0Number of asset objects unloaded after import = 1

========================================================================
Received Import Request.
  Time since last request: 14.655199 seconds.
  path: Assets/_Sprites/pisodomercado/Paleta_Mercado.prefab
  artifactKey: Guid(03a026f541e36ea4c94bb91b1cb17727) Importer(815301076,1909f56bfc062723c751e8b465ee728b)
Start importing Assets/_Sprites/pisodomercado/Paleta_Mercado.prefab using Guid(03a026f541e36ea4c94bb91b1cb17727) Importer(815301076,1909f56bfc062723c751e8b465ee728b) (PreviewImporter) -> (artifact id: 'bfa44f4206d899f26df772ca7d507895') in 0.0742785 seconds
Number of updated asset objects reloaded before import = 0Number of asset objects unloaded after import = 23

========================================================================
Received Import Request.
  Time since last request: 0.839854 seconds.
  path: Assets/_Sprites/pisodomercado/piso-do-mercado3_0.asset
  artifactKey: Guid(730f7008ca1ab6f439a2c3ff83f34270) Importer(2089858483,b0f066a214c2f5e87bad3c948f4d605d)
Start importing Assets/_Sprites/pisodomercado/piso-do-mercado3_0.asset using Guid(730f7008ca1ab6f439a2c3ff83f34270) Importer(2089858483,b0f066a214c2f5e87bad3c948f4d605d) (ScriptedImporter) -> (artifact id: '65b250f4ae5e25377a150f60715f0549') in 0.0106734 seconds
Number of updated asset objects reloaded before import = 0Number of asset objects unloaded after import = 1

========================================================================
Received Import Request.
  Time since last request: 303.958239 seconds.
  path: Assets/_Sprites/pisodomercado/coisodopiso.spriteatlasv2
  artifactKey: Guid(6b3c188bab71ee34ab48ea11c23d3fcf) Importer(815301076,1909f56bfc062723c751e8b465ee728b)
Start importing Assets/_Sprites/pisodomercado/coisodopiso.spriteatlasv2 using Guid(6b3c188bab71ee34ab48ea11c23d3fcf) Importer(815301076,1909f56bfc062723c751e8b465ee728b) (PreviewImporter) -> (artifact id: '24a6358c27dc827a4087d67fca560029') in 0.0036796 seconds
Number of updated asset objects reloaded before import = 0Number of asset objects unloaded after import = 2

========================================================================
Received Import Request.
  Time since last request: 0.906950 seconds.
  path: Assets/_Sprites/pisodomercado/coisodopiso.spriteatlasv2
  artifactKey: Guid(6b3c188bab71ee34ab48ea11c23d3fcf) Importer(2089858483,b0f066a214c2f5e87bad3c948f4d605d)
Start importing Assets/_Sprites/pisodomercado/coisodopiso.spriteatlasv2 using Guid(6b3c188bab71ee34ab48ea11c23d3fcf) Importer(2089858483,b0f066a214c2f5e87bad3c948f4d605d) (ScriptedImporter) -> (artifact id: '14d8eb092db88c0bf109a03201cf4ed7') in 0.0176382 seconds
Number of updated asset objects reloaded before import = 0Number of asset objects unloaded after import = 2

========================================================================
Received Import Request.
  Time since last request: 22.620370 seconds.
  path: Assets/_Sprites/pisodomercado/Paleta_Mercado.prefab
  artifactKey: Guid(03a026f541e36ea4c94bb91b1cb17727) Importer(815301076,1909f56bfc062723c751e8b465ee728b)
Start importing Assets/_Sprites/pisodomercado/Paleta_Mercado.prefab using Guid(03a026f541e36ea4c94bb91b1cb17727) Importer(815301076,1909f56bfc062723c751e8b465ee728b) (PreviewImporter) -> (artifact id: 'f49d3c1464370462eace071380bf502c') in 0.077168 seconds
Number of updated asset objects reloaded before import = 0Number of asset objects unloaded after import = 23

========================================================================
Received Import Request.
  Time since last request: 0.840650 seconds.
  path: Assets/_Sprites/pisodomercado/piso-do-mercado 1.png
  artifactKey: Guid(0c922129d27e4e545a7f451f22f158df) Importer(2089858483,b0f066a214c2f5e87bad3c948f4d605d)
Start importing Assets/_Sprites/pisodomercado/piso-do-mercado 1.png using Guid(0c922129d27e4e545a7f451f22f158df) Importer(2089858483,b0f066a214c2f5e87bad3c948f4d605d) (ScriptedImporter) -> (artifact id: '8fd4841697c4174b605b2250cfa3bb04') in 0.0272742 seconds
Number of updated asset objects reloaded before import = 0Number of asset objects unloaded after import = 3

========================================================================
Received Import Request.
  Time since last request: 10.947987 seconds.
  path: Assets/_Sprites/pisodomercado/Paleta_Mercado.prefab
  artifactKey: Guid(03a026f541e36ea4c94bb91b1cb17727) Importer(815301076,1909f56bfc062723c751e8b465ee728b)
Start importing Assets/_Sprites/pisodomercado/Paleta_Mercado.prefab using Guid(03a026f541e36ea4c94bb91b1cb17727) Importer(815301076,1909f56bfc062723c751e8b465ee728b) (PreviewImporter) -> (artifact id: 'c39265283776bfa4d2b1dc1875c12c41') in 0.078187 seconds
Number of updated asset objects reloaded before import = 0Number of asset objects unloaded after import = 23

========================================================================
Received Import Request.
  Time since last request: 0.829247 seconds.
  path: Assets/_Sprites/pisodomercado/piso-do-mercado 3.png
  artifactKey: Guid(e0b7d2d92e4f369468adb8b01e6f45d5) Importer(2089858483,b0f066a214c2f5e87bad3c948f4d605d)
Start importing Assets/_Sprites/pisodomercado/piso-do-mercado 3.png using Guid(e0b7d2d92e4f369468adb8b01e6f45d5) Importer(2089858483,b0f066a214c2f5e87bad3c948f4d605d) (ScriptedImporter) -> (artifact id: 'b1017acd7813805c9ea156c35adcbb9a') in 0.0201662 seconds
Number of updated asset objects reloaded before import = 0Number of asset objects unloaded after import = 3

========================================================================
Received Import Request.
  Time since last request: 9.109061 seconds.
  path: Assets/_Sprites/pisodomercado/Paleta_Mercado.prefab
  artifactKey: Guid(03a026f541e36ea4c94bb91b1cb17727) Importer(815301076,1909f56bfc062723c751e8b465ee728b)
Start importing Assets/_Sprites/pisodomercado/Paleta_Mercado.prefab using Guid(03a026f541e36ea4c94bb91b1cb17727) Importer(815301076,1909f56bfc062723c751e8b465ee728b) (PreviewImporter) -> (artifact id: '7fceea1bd0fd20a88579ab75749547e1') in 0.0551243 seconds
Number of updated asset objects reloaded before import = 0Number of asset objects unloaded after import = 23

========================================================================
Received Import Request.
  Time since last request: 0.857558 seconds.
  path: Assets/_Sprites/pisodomercado/piso-do-mercado 2_0.asset
  artifactKey: Guid(c2d24f9597acc274c89c7f86f30ecaf9) Importer(2089858483,b0f066a214c2f5e87bad3c948f4d605d)
Start importing Assets/_Sprites/pisodomercado/piso-do-mercado 2_0.asset using Guid(c2d24f9597acc274c89c7f86f30ecaf9) Importer(2089858483,b0f066a214c2f5e87bad3c948f4d605d) (ScriptedImporter) -> (artifact id: '42f1801e8da52f336cba13d2deaf2892') in 0.0102036 seconds
Number of updated asset objects reloaded before import = 0Number of asset objects unloaded after import = 1

========================================================================
Received Import Request.
  Time since last request: 9.501892 seconds.
  path: Assets/_Sprites/pisodomercado/Paleta_Mercado.prefab
  artifactKey: Guid(03a026f541e36ea4c94bb91b1cb17727) Importer(815301076,1909f56bfc062723c751e8b465ee728b)
Start importing Assets/_Sprites/pisodomercado/Paleta_Mercado.prefab using Guid(03a026f541e36ea4c94bb91b1cb17727) Importer(815301076,1909f56bfc062723c751e8b465ee728b) (PreviewImporter) -> (artifact id: 'e8b193e075c1e27bbe4d3e42c9ddf54b') in 0.0222003 seconds
Number of updated asset objects reloaded before import = 0Number of asset objects unloaded after import = 23

========================================================================
Received Import Request.
  Time since last request: 0.888631 seconds.
  path: Assets/_Sprites/pisodomercado/piso-do-mercado 2.png
  artifactKey: Guid(71cec61bbe9dad3468a9e7b4988830ca) Importer(2089858483,b0f066a214c2f5e87bad3c948f4d605d)
Start importing Assets/_Sprites/pisodomercado/piso-do-mercado 2.png using Guid(71cec61bbe9dad3468a9e7b4988830ca) Importer(2089858483,b0f066a214c2f5e87bad3c948f4d605d) (ScriptedImporter) -> (artifact id: '69214e5fe58ae5854a17f690b9a8a605') in 0.0177594 seconds
Number of updated asset objects reloaded before import = 0Number of asset objects unloaded after import = 3

========================================================================
Received Import Request.
  Time since last request: 6.892352 seconds.
  path: Assets/_Sprites/pisodomercado/Paleta_Mercado.prefab
  artifactKey: Guid(03a026f541e36ea4c94bb91b1cb17727) Importer(815301076,1909f56bfc062723c751e8b465ee728b)
Start importing Assets/_Sprites/pisodomercado/Paleta_Mercado.prefab using Guid(03a026f541e36ea4c94bb91b1cb17727) Importer(815301076,1909f56bfc062723c751e8b465ee728b) (PreviewImporter) -> (artifact id: '8fa7d07f56e8302c83e1659621582cb9') in 0.0688604 seconds
Number of updated asset objects reloaded before import = 0Number of asset objects unloaded after import = 23

========================================================================
Received Import Request.
  Time since last request: 0.840335 seconds.
  path: Assets/_Sprites/pisodomercado/piso-do-mercado 1_0.asset
  artifactKey: Guid(8695ad4970da4c649b6e1d037b5bd8ed) Importer(2089858483,b0f066a214c2f5e87bad3c948f4d605d)
Start importing Assets/_Sprites/pisodomercado/piso-do-mercado 1_0.asset using Guid(8695ad4970da4c649b6e1d037b5bd8ed) Importer(2089858483,b0f066a214c2f5e87bad3c948f4d605d) (ScriptedImporter) -> (artifact id: 'a86c5139f3b71556cddb273ec9b37b62') in 0.012041 seconds
Number of updated asset objects reloaded before import = 0Number of asset objects unloaded after import = 1

========================================================================
Received Import Request.
  Time since last request: 196.301015 seconds.
  path: Assets/_Sprites/parededomercado/paredes/azuleijos2.asset
  artifactKey: Guid(0dc3c926bfffb6c4a883fbcd261f2446) Importer(815301076,1909f56bfc062723c751e8b465ee728b)
Start importing Assets/_Sprites/parededomercado/paredes/azuleijos2.asset using Guid(0dc3c926bfffb6c4a883fbcd261f2446) Importer(815301076,1909f56bfc062723c751e8b465ee728b) (PreviewImporter) -> (artifact id: 'fe31adb39ac2e0f1768208aeda533248') in 0.0369292 seconds
Number of updated asset objects reloaded before import = 0Number of asset objects unloaded after import = 3

========================================================================
Received Import Request.
  Time since last request: 0.829302 seconds.
  path: Assets/_Sprites/parededomercado/paredes/azuleijos2.asset
  artifactKey: Guid(0dc3c926bfffb6c4a883fbcd261f2446) Importer(2089858483,b0f066a214c2f5e87bad3c948f4d605d)
Start importing Assets/_Sprites/parededomercado/paredes/azuleijos2.asset using Guid(0dc3c926bfffb6c4a883fbcd261f2446) Importer(2089858483,b0f066a214c2f5e87bad3c948f4d605d) (ScriptedImporter) -> (artifact id: 'f2a6a3088a1459c3ae42b9c9510e1136') in 0.0219854 seconds
Number of updated asset objects reloaded before import = 0Number of asset objects unloaded after import = 2

========================================================================
Received Import Request.
  Time since last request: 5.732843 seconds.
  path: Assets/_Sprites/parededomercado/paredes/azuleijos2.asset
  artifactKey: Guid(0dc3c926bfffb6c4a883fbcd261f2446) Importer(815301076,1909f56bfc062723c751e8b465ee728b)
Start importing Assets/_Sprites/parededomercado/paredes/azuleijos2.asset using Guid(0dc3c926bfffb6c4a883fbcd261f2446) Importer(815301076,1909f56bfc062723c751e8b465ee728b) (PreviewImporter) -> (artifact id: '16ab99cccef910ce0fc249935e21e13f') in 0.040911 seconds
Number of updated asset objects reloaded before import = 0Number of asset objects unloaded after import = 3

========================================================================
Received Import Request.
  Time since last request: 0.000029 seconds.
  path: Assets/_Sprites/parededomercado/paredes/azulejos.prefab
  artifactKey: Guid(f60253574e870d846b0679ece6976fdf) Importer(815301076,1909f56bfc062723c751e8b465ee728b)
Start importing Assets/_Sprites/parededomercado/paredes/azulejos.prefab using Guid(f60253574e870d846b0679ece6976fdf) Importer(815301076,1909f56bfc062723c751e8b465ee728b) (PreviewImporter) -> (artifact id: '8f518af78be4ca387fc0ef6c7510a266') in 0.0954152 seconds
Number of updated asset objects reloaded before import = 0Number of asset objects unloaded after import = 22

========================================================================
Received Import Request.
  Time since last request: 0.674475 seconds.
  path: Assets/_Sprites/parededomercado/paredes/azuleijos2.png
  artifactKey: Guid(049f27bd5bf17b744bc5afe37e666a63) Importer(2089858483,b0f066a214c2f5e87bad3c948f4d605d)
Start importing Assets/_Sprites/parededomercado/paredes/azuleijos2.png using Guid(049f27bd5bf17b744bc5afe37e666a63) Importer(2089858483,b0f066a214c2f5e87bad3c948f4d605d) (ScriptedImporter) -> (artifact id: '1b11eea0cbd6f486d2ce0992d97bcfac') in 0.0197349 seconds
Number of updated asset objects reloaded before import = 0Number of asset objects unloaded after import = 3

========================================================================
Received Import Request.
  Time since last request: 11.808412 seconds.
  path: Assets/_Sprites/parededomercado/paredes/azuleijo3.asset
  artifactKey: Guid(7fe0209795664734a86ea894f2c15e57) Importer(815301076,1909f56bfc062723c751e8b465ee728b)
Start importing Assets/_Sprites/parededomercado/paredes/azuleijo3.asset using Guid(7fe0209795664734a86ea894f2c15e57) Importer(815301076,1909f56bfc062723c751e8b465ee728b) (PreviewImporter) -> (artifact id: '2e4f67fbcfc28260bbd0ce65c12dcbb9') in 0.0198137 seconds
Number of updated asset objects reloaded before import = 0Number of asset objects unloaded after import = 3

========================================================================
Received Import Request.
  Time since last request: 0.867314 seconds.
  path: Assets/_Sprites/parededomercado/paredes/azuleijo3.asset
  artifactKey: Guid(7fe0209795664734a86ea894f2c15e57) Importer(2089858483,b0f066a214c2f5e87bad3c948f4d605d)
Start importing Assets/_Sprites/parededomercado/paredes/azuleijo3.asset using Guid(7fe0209795664734a86ea894f2c15e57) Importer(2089858483,b0f066a214c2f5e87bad3c948f4d605d) (ScriptedImporter) -> (artifact id: '2bde7506a13cc94560ec839f381c5d27') in 0.0124672 seconds
Number of updated asset objects reloaded before import = 0Number of asset objects unloaded after import = 2

========================================================================
Received Import Request.
  Time since last request: 11.004267 seconds.
  path: Assets/_Sprites/parededomercado/paredes/azuleijo3.asset
  artifactKey: Guid(7fe0209795664734a86ea894f2c15e57) Importer(815301076,1909f56bfc062723c751e8b465ee728b)
Start importing Assets/_Sprites/parededomercado/paredes/azuleijo3.asset using Guid(7fe0209795664734a86ea894f2c15e57) Importer(815301076,1909f56bfc062723c751e8b465ee728b) (PreviewImporter) -> (artifact id: '4a9fd8adf035f3ece19234e51490d998') in 0.0162498 seconds
Number of updated asset objects reloaded before import = 0Number of asset objects unloaded after import = 3

========================================================================
Received Import Request.
  Time since last request: 0.000031 seconds.
  path: Assets/_Sprites/parededomercado/paredes/azulejos.prefab
  artifactKey: Guid(f60253574e870d846b0679ece6976fdf) Importer(815301076,1909f56bfc062723c751e8b465ee728b)
Start importing Assets/_Sprites/parededomercado/paredes/azulejos.prefab using Guid(f60253574e870d846b0679ece6976fdf) Importer(815301076,1909f56bfc062723c751e8b465ee728b) (PreviewImporter) -> (artifact id: 'ae664c03b0d33e3cc950a9b8cbedbec6') in 0.0546078 seconds
Number of updated asset objects reloaded before import = 0Number of asset objects unloaded after import = 22

========================================================================
Received Import Request.
  Time since last request: 0.713056 seconds.
  path: Assets/_Sprites/parededomercado/paredes/azuleijos3.png
  artifactKey: Guid(fef0c9bdb54a2d242925fe2352436211) Importer(2089858483,b0f066a214c2f5e87bad3c948f4d605d)
Start importing Assets/_Sprites/parededomercado/paredes/azuleijos3.png using Guid(fef0c9bdb54a2d242925fe2352436211) Importer(2089858483,b0f066a214c2f5e87bad3c948f4d605d) (ScriptedImporter) -> (artifact id: '11f61bba93ff67837d1004a70193ea96') in 0.0247309 seconds
Number of updated asset objects reloaded before import = 0Number of asset objects unloaded after import = 3

========================================================================
Received Import Request.
  Time since last request: 11.493699 seconds.
  path: Assets/_Sprites/parededomercado/paredes/azulejo4.asset
  artifactKey: Guid(0dfbbfea15230b64bbe02c2ada230acb) Importer(815301076,1909f56bfc062723c751e8b465ee728b)
Start importing Assets/_Sprites/parededomercado/paredes/azulejo4.asset using Guid(0dfbbfea15230b64bbe02c2ada230acb) Importer(815301076,1909f56bfc062723c751e8b465ee728b) (PreviewImporter) -> (artifact id: '5010c10bb44ae94a2470fc53d2105452') in 0.0100133 seconds
Number of updated asset objects reloaded before import = 0Number of asset objects unloaded after import = 3

========================================================================
Received Import Request.
  Time since last request: 0.887197 seconds.
  path: Assets/_Sprites/parededomercado/paredes/azulejo4.asset
  artifactKey: Guid(0dfbbfea15230b64bbe02c2ada230acb) Importer(2089858483,b0f066a214c2f5e87bad3c948f4d605d)
Start importing Assets/_Sprites/parededomercado/paredes/azulejo4.asset using Guid(0dfbbfea15230b64bbe02c2ada230acb) Importer(2089858483,b0f066a214c2f5e87bad3c948f4d605d) (ScriptedImporter) -> (artifact id: '6b735bbd5b7ff342b276c4a7ce164194') in 0.0144054 seconds
Number of updated asset objects reloaded before import = 0Number of asset objects unloaded after import = 2

========================================================================
Received Import Request.
  Time since last request: 5.203300 seconds.
  path: Assets/_Sprites/parededomercado/paredes/azulejo4.asset
  artifactKey: Guid(0dfbbfea15230b64bbe02c2ada230acb) Importer(815301076,1909f56bfc062723c751e8b465ee728b)
Start importing Assets/_Sprites/parededomercado/paredes/azulejo4.asset using Guid(0dfbbfea15230b64bbe02c2ada230acb) Importer(815301076,1909f56bfc062723c751e8b465ee728b) (PreviewImporter) -> (artifact id: '79f090fbb8156ba896acd4a1640772d2') in 0.0285118 seconds
Number of updated asset objects reloaded before import = 0Number of asset objects unloaded after import = 3

========================================================================
Received Import Request.
  Time since last request: 0.000029 seconds.
  path: Assets/_Sprites/parededomercado/paredes/azulejos.prefab
  artifactKey: Guid(f60253574e870d846b0679ece6976fdf) Importer(815301076,1909f56bfc062723c751e8b465ee728b)
Start importing Assets/_Sprites/parededomercado/paredes/azulejos.prefab using Guid(f60253574e870d846b0679ece6976fdf) Importer(815301076,1909f56bfc062723c751e8b465ee728b) (PreviewImporter) -> (artifact id: 'ee68df515eb565cbd5ad8b84c745caa6') in 0.0739597 seconds
Number of updated asset objects reloaded before import = 0Number of asset objects unloaded after import = 22

========================================================================
Received Import Request.
  Time since last request: 0.693962 seconds.
  path: Assets/_Sprites/parededomercado/paredes/azulejo4.png
  artifactKey: Guid(e7e1ff516e86b0f48898d577492a34ca) Importer(2089858483,b0f066a214c2f5e87bad3c948f4d605d)
Start importing Assets/_Sprites/parededomercado/paredes/azulejo4.png using Guid(e7e1ff516e86b0f48898d577492a34ca) Importer(2089858483,b0f066a214c2f5e87bad3c948f4d605d) (ScriptedImporter) -> (artifact id: 'da5520786e36102a8f31c6689137a61a') in 0.0135017 seconds
Number of updated asset objects reloaded before import = 0Number of asset objects unloaded after import = 3

========================================================================
Received Import Request.
  Time since last request: 19.326238 seconds.
  path: Assets/_Sprites/parededomercado/paredes/cano-da-parede 2.asset
  artifactKey: Guid(5c87b8d922d830a4e88256085f812f22) Importer(815301076,1909f56bfc062723c751e8b465ee728b)
Start importing Assets/_Sprites/parededomercado/paredes/cano-da-parede 2.asset using Guid(5c87b8d922d830a4e88256085f812f22) Importer(815301076,1909f56bfc062723c751e8b465ee728b) (PreviewImporter) -> (artifact id: 'd1aa342f67d0d691bf74288e8e11598a') in 0.0128308 seconds
Number of updated asset objects reloaded before import = 0Number of asset objects unloaded after import = 3

========================================================================
Received Import Request.
  Time since last request: 0.849848 seconds.
  path: Assets/_Sprites/parededomercado/paredes/cano-da-parede 2.asset
  artifactKey: Guid(5c87b8d922d830a4e88256085f812f22) Importer(2089858483,b0f066a214c2f5e87bad3c948f4d605d)
Start importing Assets/_Sprites/parededomercado/paredes/cano-da-parede 2.asset using Guid(5c87b8d922d830a4e88256085f812f22) Importer(2089858483,b0f066a214c2f5e87bad3c948f4d605d) (ScriptedImporter) -> (artifact id: '3279e6c67154f23b9781b07e96ad0303') in 0.011986 seconds
Number of updated asset objects reloaded before import = 0Number of asset objects unloaded after import = 2

========================================================================
Received Import Request.
  Time since last request: 12.418579 seconds.
  path: Assets/_Sprites/parededomercado/paredes/cano-da-parede 3.asset
  artifactKey: Guid(d0cdd9f2a15edcb449c310c436945c6e) Importer(815301076,1909f56bfc062723c751e8b465ee728b)
Start importing Assets/_Sprites/parededomercado/paredes/cano-da-parede 3.asset using Guid(d0cdd9f2a15edcb449c310c436945c6e) Importer(815301076,1909f56bfc062723c751e8b465ee728b) (PreviewImporter) -> (artifact id: 'ceb339453d965a487254fa698cf66857') in 0.0234793 seconds
Number of updated asset objects reloaded before import = 0Number of asset objects unloaded after import = 3

========================================================================
Received Import Request.
  Time since last request: 0.850118 seconds.
  path: Assets/_Sprites/parededomercado/paredes/cano-da-parede 3.asset
  artifactKey: Guid(d0cdd9f2a15edcb449c310c436945c6e) Importer(2089858483,b0f066a214c2f5e87bad3c948f4d605d)
Start importing Assets/_Sprites/parededomercado/paredes/cano-da-parede 3.asset using Guid(d0cdd9f2a15edcb449c310c436945c6e) Importer(2089858483,b0f066a214c2f5e87bad3c948f4d605d) (ScriptedImporter) -> (artifact id: 'e973eae575cbdbcace1cccdd1dffa27c') in 0.0121228 seconds
Number of updated asset objects reloaded before import = 0Number of asset objects unloaded after import = 2

========================================================================
Received Import Request.
  Time since last request: 15.675364 seconds.
  path: Assets/_Sprites/parededomercado/paredes/cano-para-a-parede 1.asset
  artifactKey: Guid(bd2a0438f6f0f70429e596da02837d8e) Importer(815301076,1909f56bfc062723c751e8b465ee728b)
Start importing Assets/_Sprites/parededomercado/paredes/cano-para-a-parede 1.asset using Guid(bd2a0438f6f0f70429e596da02837d8e) Importer(815301076,1909f56bfc062723c751e8b465ee728b) (PreviewImporter) -> (artifact id: 'c343a8073be7a72db1d33cd78d806a2e') in 0.0127403 seconds
Number of updated asset objects reloaded before import = 0Number of asset objects unloaded after import = 3

========================================================================
Received Import Request.
  Time since last request: 0.847259 seconds.
  path: Assets/_Sprites/parededomercado/paredes/cano-para-a-parede 1.asset
  artifactKey: Guid(bd2a0438f6f0f70429e596da02837d8e) Importer(2089858483,b0f066a214c2f5e87bad3c948f4d605d)
Start importing Assets/_Sprites/parededomercado/paredes/cano-para-a-parede 1.asset using Guid(bd2a0438f6f0f70429e596da02837d8e) Importer(2089858483,b0f066a214c2f5e87bad3c948f4d605d) (ScriptedImporter) -> (artifact id: 'af813018cd20ec2c7275ae574573086c') in 0.0063011 seconds
Number of updated asset objects reloaded before import = 0Number of asset objects unloaded after import = 2

========================================================================
Received Import Request.
  Time since last request: 15.710606 seconds.
  path: Assets/_Sprites/parededomercado/paredes/divisoria-piso-e parede.asset
  artifactKey: Guid(20614c8c00f067040990c9cb0e5f4c82) Importer(815301076,1909f56bfc062723c751e8b465ee728b)
Start importing Assets/_Sprites/parededomercado/paredes/divisoria-piso-e parede.asset using Guid(20614c8c00f067040990c9cb0e5f4c82) Importer(815301076,1909f56bfc062723c751e8b465ee728b) (PreviewImporter) -> (artifact id: 'b9beb7f16d44caed20b9729eaef742a6') in 0.0161454 seconds
Number of updated asset objects reloaded before import = 0Number of asset objects unloaded after import = 3

========================================================================
Received Import Request.
  Time since last request: 0.860429 seconds.
  path: Assets/_Sprites/parededomercado/paredes/divisoria-piso-e parede.asset
  artifactKey: Guid(20614c8c00f067040990c9cb0e5f4c82) Importer(2089858483,b0f066a214c2f5e87bad3c948f4d605d)
Start importing Assets/_Sprites/parededomercado/paredes/divisoria-piso-e parede.asset using Guid(20614c8c00f067040990c9cb0e5f4c82) Importer(2089858483,b0f066a214c2f5e87bad3c948f4d605d) (ScriptedImporter) -> (artifact id: '9122ec15aee4c7b843233e0e2a3ef40d') in 0.0104515 seconds
Number of updated asset objects reloaded before import = 0Number of asset objects unloaded after import = 2

========================================================================
Received Import Request.
  Time since last request: 15.552889 seconds.
  path: Assets/_Sprites/parededomercado/paredes/divisoria-piso-e parede.asset
  artifactKey: Guid(20614c8c00f067040990c9cb0e5f4c82) Importer(815301076,1909f56bfc062723c751e8b465ee728b)
Start importing Assets/_Sprites/parededomercado/paredes/divisoria-piso-e parede.asset using Guid(20614c8c00f067040990c9cb0e5f4c82) Importer(815301076,1909f56bfc062723c751e8b465ee728b) (PreviewImporter) -> (artifact id: '9abd15b2cf8938c925345a43fb7ed58b') in 0.0382764 seconds
Number of updated asset objects reloaded before import = 0Number of asset objects unloaded after import = 3

========================================================================
Received Import Request.
  Time since last request: 0.845655 seconds.
  path: Assets/_Sprites/parededomercado/paredes/divisoria-piso-e parede.png
  artifactKey: Guid(24134b6b08da0aa4690a4e0e80474ca3) Importer(2089858483,b0f066a214c2f5e87bad3c948f4d605d)
Start importing Assets/_Sprites/parededomercado/paredes/divisoria-piso-e parede.png using Guid(24134b6b08da0aa4690a4e0e80474ca3) Importer(2089858483,b0f066a214c2f5e87bad3c948f4d605d) (ScriptedImporter) -> (artifact id: '179046d2508f69371d532ea302920637') in 0.0219514 seconds
Number of updated asset objects reloaded before import = 0Number of asset objects unloaded after import = 3

========================================================================
Received Import Request.
  Time since last request: 14.565340 seconds.
  path: Assets/_Sprites/parededomercado/paredes/parede do mercado .prefab
  artifactKey: Guid(a9853721ab1f0dd4a984427fd2bbb348) Importer(815301076,1909f56bfc062723c751e8b465ee728b)
Start importing Assets/_Sprites/parededomercado/paredes/parede do mercado .prefab using Guid(a9853721ab1f0dd4a984427fd2bbb348) Importer(815301076,1909f56bfc062723c751e8b465ee728b) (PreviewImporter) -> (artifact id: 'a4d9b253211a728d47fd85e81507d352') in 0.0377013 seconds
Number of updated asset objects reloaded before import = 0Number of asset objects unloaded after import = 22

========================================================================
Received Import Request.
  Time since last request: 1.568876 seconds.
  path: Assets/_Sprites/parededomercado/paredes/parede1.asset
  artifactKey: Guid(7bf3e9cfa15e3eb4ea28fb93f74aee17) Importer(2089858483,b0f066a214c2f5e87bad3c948f4d605d)
Start importing Assets/_Sprites/parededomercado/paredes/parede1.asset using Guid(7bf3e9cfa15e3eb4ea28fb93f74aee17) Importer(2089858483,b0f066a214c2f5e87bad3c948f4d605d) (ScriptedImporter) -> (artifact id: '74d34743b1d226fba5ddeb258a7fee44') in 0.0117126 seconds
Number of updated asset objects reloaded before import = 0Number of asset objects unloaded after import = 2

========================================================================
Received Import Request.
  Time since last request: 10.264744 seconds.
  path: Assets/_Sprites/parededomercado/paredes/parede do mercado .prefab
  artifactKey: Guid(a9853721ab1f0dd4a984427fd2bbb348) Importer(815301076,1909f56bfc062723c751e8b465ee728b)
Start importing Assets/_Sprites/parededomercado/paredes/parede do mercado .prefab using Guid(a9853721ab1f0dd4a984427fd2bbb348) Importer(815301076,1909f56bfc062723c751e8b465ee728b) (PreviewImporter) -> (artifact id: '386c39336db563a02d716dc39a491ddb') in 0.020193 seconds
Number of updated asset objects reloaded before import = 0Number of asset objects unloaded after import = 22

========================================================================
Received Import Request.
  Time since last request: 0.832288 seconds.
  path: Assets/_Sprites/parededomercado/paredes/parede1.png
  artifactKey: Guid(87eef3cf38830594e819cbc85183bdcd) Importer(2089858483,b0f066a214c2f5e87bad3c948f4d605d)
Start importing Assets/_Sprites/parededomercado/paredes/parede1.png using Guid(87eef3cf38830594e819cbc85183bdcd) Importer(2089858483,b0f066a214c2f5e87bad3c948f4d605d) (ScriptedImporter) -> (artifact id: 'c635dfc0b4025fa22153643b3bf000ac') in 0.0206507 seconds
Number of updated asset objects reloaded before import = 0Number of asset objects unloaded after import = 3

========================================================================
Received Import Request.
  Time since last request: 8.954140 seconds.
  path: Assets/_Sprites/parededomercado/paredes/parede do mercado .prefab
  artifactKey: Guid(a9853721ab1f0dd4a984427fd2bbb348) Importer(815301076,1909f56bfc062723c751e8b465ee728b)
Start importing Assets/_Sprites/parededomercado/paredes/parede do mercado .prefab using Guid(a9853721ab1f0dd4a984427fd2bbb348) Importer(815301076,1909f56bfc062723c751e8b465ee728b) (PreviewImporter) -> (artifact id: 'cda755561accf0ddbc8411ad372a2306') in 0.0318636 seconds
Number of updated asset objects reloaded before import = 0Number of asset objects unloaded after import = 22

========================================================================
Received Import Request.
  Time since last request: 0.808826 seconds.
  path: Assets/_Sprites/parededomercado/paredes/parede2.asset
  artifactKey: Guid(52c5587555e05454a96c309b557e8b9e) Importer(2089858483,b0f066a214c2f5e87bad3c948f4d605d)
Start importing Assets/_Sprites/parededomercado/paredes/parede2.asset using Guid(52c5587555e05454a96c309b557e8b9e) Importer(2089858483,b0f066a214c2f5e87bad3c948f4d605d) (ScriptedImporter) -> (artifact id: 'df26e6404557858f4df010efc2482a13') in 0.0100771 seconds
Number of updated asset objects reloaded before import = 0Number of asset objects unloaded after import = 2

========================================================================
Received Import Request.
  Time since last request: 6.749516 seconds.
  path: Assets/_Sprites/parededomercado/paredes/parede do mercado .prefab
  artifactKey: Guid(a9853721ab1f0dd4a984427fd2bbb348) Importer(815301076,1909f56bfc062723c751e8b465ee728b)
Start importing Assets/_Sprites/parededomercado/paredes/parede do mercado .prefab using Guid(a9853721ab1f0dd4a984427fd2bbb348) Importer(815301076,1909f56bfc062723c751e8b465ee728b) (PreviewImporter) -> (artifact id: 'c967c62f1fdb5994676dc9e227b9e4bf') in 0.069818 seconds
Number of updated asset objects reloaded before import = 0Number of asset objects unloaded after import = 22

========================================================================
Received Import Request.
  Time since last request: 0.830786 seconds.
  path: Assets/_Sprites/parededomercado/paredes/parede2.png
  artifactKey: Guid(6ed953f1736acb84b8f748f5f553457a) Importer(2089858483,b0f066a214c2f5e87bad3c948f4d605d)
Start importing Assets/_Sprites/parededomercado/paredes/parede2.png using Guid(6ed953f1736acb84b8f748f5f553457a) Importer(2089858483,b0f066a214c2f5e87bad3c948f4d605d) (ScriptedImporter) -> (artifact id: '3df6045dfcdc66bc00d97a7f32fc4147') in 0.0156858 seconds
Number of updated asset objects reloaded before import = 0Number of asset objects unloaded after import = 3

========================================================================
Received Import Request.
  Time since last request: 11.663097 seconds.
  path: Assets/_Sprites/parededomercado/paredes/parede 2paredes.asset
  artifactKey: Guid(39611c14fb3e6ce4da3114a15482f61c) Importer(815301076,1909f56bfc062723c751e8b465ee728b)
Start importing Assets/_Sprites/parededomercado/paredes/parede 2paredes.asset using Guid(39611c14fb3e6ce4da3114a15482f61c) Importer(815301076,1909f56bfc062723c751e8b465ee728b) (PreviewImporter) -> (artifact id: 'd8b450da00f12ccf0096a119fac55f3f') in 0.0187044 seconds
Number of updated asset objects reloaded before import = 0Number of asset objects unloaded after import = 3

========================================================================
Received Import Request.
  Time since last request: 0.000037 seconds.
  path: Assets/_Sprites/parededomercado/paredes/parede2paredes.png
  artifactKey: Guid(ef65f6ec97c596f4da468b8392131950) Importer(815301076,1909f56bfc062723c751e8b465ee728b)
Start importing Assets/_Sprites/parededomercado/paredes/parede2paredes.png using Guid(ef65f6ec97c596f4da468b8392131950) Importer(815301076,1909f56bfc062723c751e8b465ee728b) (PreviewImporter) -> (artifact id: '8b6487ab24f506ff8557b3f84ac50521') in 0.0830514 seconds
Number of updated asset objects reloaded before import = 0Number of asset objects unloaded after import = 3

========================================================================
Received Import Request.
  Time since last request: 0.744583 seconds.
  path: Assets/_Sprites/parededomercado/paredes/parede2paredes.png
  artifactKey: Guid(ef65f6ec97c596f4da468b8392131950) Importer(2089858483,b0f066a214c2f5e87bad3c948f4d605d)
Start importing Assets/_Sprites/parededomercado/paredes/parede2paredes.png using Guid(ef65f6ec97c596f4da468b8392131950) Importer(2089858483,b0f066a214c2f5e87bad3c948f4d605d) (ScriptedImporter) -> (artifact id: 'aba2f462c2ffb746ada044e8f806376a') in 0.0085078 seconds
Number of updated asset objects reloaded before import = 0Number of asset objects unloaded after import = 3

========================================================================
Received Import Request.
  Time since last request: 52.615787 seconds.
  path: Assets/_Sprites/parededomercado/paredes/parede3 - Copia.png
  artifactKey: Guid(fa9befdde90cdb145a08aec2e4209136) Importer(815301076,1909f56bfc062723c751e8b465ee728b)
Start importing Assets/_Sprites/parededomercado/paredes/parede3 - Copia.png using Guid(fa9befdde90cdb145a08aec2e4209136) Importer(815301076,1909f56bfc062723c751e8b465ee728b) (PreviewImporter) -> (artifact id: '090bee14e5dd3c57e884b37f93277c15') in 0.0236905 seconds
Number of updated asset objects reloaded before import = 0Number of asset objects unloaded after import = 3

========================================================================
Received Import Request.
  Time since last request: 0.878554 seconds.
  path: Assets/_Sprites/parededomercado/paredes/parede3 - Copia.png
  artifactKey: Guid(fa9befdde90cdb145a08aec2e4209136) Importer(2089858483,b0f066a214c2f5e87bad3c948f4d605d)
Start importing Assets/_Sprites/parededomercado/paredes/parede3 - Copia.png using Guid(fa9befdde90cdb145a08aec2e4209136) Importer(2089858483,b0f066a214c2f5e87bad3c948f4d605d) (ScriptedImporter) -> (artifact id: '4c7a9488f8dc5f495944ae51785b5e95') in 0.0213207 seconds
Number of updated asset objects reloaded before import = 0Number of asset objects unloaded after import = 3

========================================================================
Received Import Request.
  Time since last request: 8.587353 seconds.
  path: Assets/_Sprites/parededomercado/paredes/parede 3.asset
  artifactKey: Guid(31934816bfd41b44bb57c678e6d9e832) Importer(815301076,1909f56bfc062723c751e8b465ee728b)
Start importing Assets/_Sprites/parededomercado/paredes/parede 3.asset using Guid(31934816bfd41b44bb57c678e6d9e832) Importer(815301076,1909f56bfc062723c751e8b465ee728b) (PreviewImporter) -> (artifact id: '74263f0bbb533a76636be95f030d01f5') in 0.036345 seconds
Number of updated asset objects reloaded before import = 0Number of asset objects unloaded after import = 3

========================================================================
Received Import Request.
  Time since last request: 0.000036 seconds.
  path: Assets/_Sprites/parededomercado/paredes/parede3.png
  artifactKey: Guid(f8d7ec7c0bb46a343ba3114b36cd5135) Importer(815301076,1909f56bfc062723c751e8b465ee728b)
Start importing Assets/_Sprites/parededomercado/paredes/parede3.png using Guid(f8d7ec7c0bb46a343ba3114b36cd5135) Importer(815301076,1909f56bfc062723c751e8b465ee728b) (PreviewImporter) -> (artifact id: '925262630f3317d05f0fea75b1ebee37') in 0.0840877 seconds
Number of updated asset objects reloaded before import = 0Number of asset objects unloaded after import = 3

========================================================================
Received Import Request.
  Time since last request: 0.711768 seconds.
  path: Assets/_Sprites/parededomercado/paredes/parede3.png
  artifactKey: Guid(f8d7ec7c0bb46a343ba3114b36cd5135) Importer(2089858483,b0f066a214c2f5e87bad3c948f4d605d)
Start importing Assets/_Sprites/parededomercado/paredes/parede3.png using Guid(f8d7ec7c0bb46a343ba3114b36cd5135) Importer(2089858483,b0f066a214c2f5e87bad3c948f4d605d) (ScriptedImporter) -> (artifact id: '95f26cccd14d44922d37ea98b1933ed3') in 0.0161212 seconds
Number of updated asset objects reloaded before import = 0Number of asset objects unloaded after import = 3

========================================================================
Received Import Request.
  Time since last request: 8.367577 seconds.
  path: Assets/_Sprites/parededomercado/paredes/parede do mercado .prefab
  artifactKey: Guid(a9853721ab1f0dd4a984427fd2bbb348) Importer(815301076,1909f56bfc062723c751e8b465ee728b)
Start importing Assets/_Sprites/parededomercado/paredes/parede do mercado .prefab using Guid(a9853721ab1f0dd4a984427fd2bbb348) Importer(815301076,1909f56bfc062723c751e8b465ee728b) (PreviewImporter) -> (artifact id: 'a741225863bf6b2d610f65a1550228a9') in 0.0332076 seconds
Number of updated asset objects reloaded before import = 0Number of asset objects unloaded after import = 22

========================================================================
Received Import Request.
  Time since last request: 0.845453 seconds.
  path: Assets/_Sprites/parededomercado/paredes/parede3.asset
  artifactKey: Guid(31934816bfd41b44bb57c678e6d9e832) Importer(2089858483,b0f066a214c2f5e87bad3c948f4d605d)
Start importing Assets/_Sprites/parededomercado/paredes/parede3.asset using Guid(31934816bfd41b44bb57c678e6d9e832) Importer(2089858483,b0f066a214c2f5e87bad3c948f4d605d) (ScriptedImporter) -> (artifact id: '7281295015067aa6019868cbaf5bf485') in 0.0154508 seconds
Number of updated asset objects reloaded before import = 0Number of asset objects unloaded after import = 2

========================================================================
Received Import Request.
  Time since last request: 22.344102 seconds.
  path: Assets/_Sprites/parededomercado/canos da parede/canos.prefab
  artifactKey: Guid(828989891fb999a4cbff2f7676af494f) Importer(815301076,1909f56bfc062723c751e8b465ee728b)
Start importing Assets/_Sprites/parededomercado/canos da parede/canos.prefab using Guid(828989891fb999a4cbff2f7676af494f) Importer(815301076,1909f56bfc062723c751e8b465ee728b) (PreviewImporter) -> (artifact id: '1f12f1df8407216c63a4384c29375260') in 0.1037933 seconds
Number of updated asset objects reloaded before import = 0Number of asset objects unloaded after import = 28

========================================================================
Received Import Request.
  Time since last request: 9.514194 seconds.
  path: Assets/_Sprites/parededomercado/canos da parede/canos.prefab
  artifactKey: Guid(828989891fb999a4cbff2f7676af494f) Importer(815301076,1909f56bfc062723c751e8b465ee728b)
Start importing Assets/_Sprites/parededomercado/canos da parede/canos.prefab using Guid(828989891fb999a4cbff2f7676af494f) Importer(815301076,1909f56bfc062723c751e8b465ee728b) (PreviewImporter) -> (artifact id: '5d31fb083473d0ba15b6efd0a4cb7424') in 0.0801964 seconds
Number of updated asset objects reloaded before import = 0Number of asset objects unloaded after import = 28

========================================================================
Received Import Request.
  Time since last request: 0.809998 seconds.
  path: Assets/_Sprites/parededomercado/canos da parede/ecaixe-da-parede ( se essa bosta falhar enfie no rabo ).png
  artifactKey: Guid(31b5d272541ad8d408bd0f95cf410990) Importer(2089858483,b0f066a214c2f5e87bad3c948f4d605d)
Start importing Assets/_Sprites/parededomercado/canos da parede/ecaixe-da-parede ( se essa bosta falhar enfie no rabo ).png using Guid(31b5d272541ad8d408bd0f95cf410990) Importer(2089858483,b0f066a214c2f5e87bad3c948f4d605d) (ScriptedImporter) -> (artifact id: 'bfc52ff1c6fe85ab5258cbd77319549c') in 0.0167355 seconds
Number of updated asset objects reloaded before import = 0Number of asset objects unloaded after import = 3

========================================================================
Received Import Request.
  Time since last request: 7.688970 seconds.
  path: Assets/_Sprites/parededomercado/canos da parede/cano4.asset
  artifactKey: Guid(e0dcd581c2305524c878ff7a336664e8) Importer(815301076,1909f56bfc062723c751e8b465ee728b)
Start importing Assets/_Sprites/parededomercado/canos da parede/cano4.asset using Guid(e0dcd581c2305524c878ff7a336664e8) Importer(815301076,1909f56bfc062723c751e8b465ee728b) (PreviewImporter) -> (artifact id: '2eef06438ec2793a7dbe548b3c56ca08') in 0.0146361 seconds
Number of updated asset objects reloaded before import = 0Number of asset objects unloaded after import = 3

========================================================================
Received Import Request.
  Time since last request: 0.890709 seconds.
  path: Assets/_Sprites/parededomercado/canos da parede/cano4.asset
  artifactKey: Guid(e0dcd581c2305524c878ff7a336664e8) Importer(2089858483,b0f066a214c2f5e87bad3c948f4d605d)
Start importing Assets/_Sprites/parededomercado/canos da parede/cano4.asset using Guid(e0dcd581c2305524c878ff7a336664e8) Importer(2089858483,b0f066a214c2f5e87bad3c948f4d605d) (ScriptedImporter) -> (artifact id: 'f839979dc2efca06faed00a80ff4e3b9') in 0.0076392 seconds
Number of updated asset objects reloaded before import = 0Number of asset objects unloaded after import = 2

========================================================================
Received Import Request.
  Time since last request: 10.259582 seconds.
  path: Assets/_Sprites/parededomercado/canos da parede/cano4.asset
  artifactKey: Guid(e0dcd581c2305524c878ff7a336664e8) Importer(815301076,1909f56bfc062723c751e8b465ee728b)
Start importing Assets/_Sprites/parededomercado/canos da parede/cano4.asset using Guid(e0dcd581c2305524c878ff7a336664e8) Importer(815301076,1909f56bfc062723c751e8b465ee728b) (PreviewImporter) -> (artifact id: '8ed264fc4e381fb628245b84cce3a57a') in 0.0143565 seconds
Number of updated asset objects reloaded before import = 0Number of asset objects unloaded after import = 3

========================================================================
Received Import Request.
  Time since last request: 0.000040 seconds.
  path: Assets/_Sprites/parededomercado/canos da parede/canos.prefab
  artifactKey: Guid(828989891fb999a4cbff2f7676af494f) Importer(815301076,1909f56bfc062723c751e8b465ee728b)
Start importing Assets/_Sprites/parededomercado/canos da parede/canos.prefab using Guid(828989891fb999a4cbff2f7676af494f) Importer(815301076,1909f56bfc062723c751e8b465ee728b) (PreviewImporter) -> (artifact id: '6bbbbc39854ec0a8e0357e6f52ab09e7') in 0.0722477 seconds
Number of updated asset objects reloaded before import = 0Number of asset objects unloaded after import = 28

========================================================================
Received Import Request.
  Time since last request: 0.721213 seconds.
  path: Assets/_Sprites/parededomercado/canos da parede/cano4.png
  artifactKey: Guid(97f66fd26ba2c96429f4fe5b4a9cadaf) Importer(2089858483,b0f066a214c2f5e87bad3c948f4d605d)
Start importing Assets/_Sprites/parededomercado/canos da parede/cano4.png using Guid(97f66fd26ba2c96429f4fe5b4a9cadaf) Importer(2089858483,b0f066a214c2f5e87bad3c948f4d605d) (ScriptedImporter) -> (artifact id: 'd3666117675b26f7a80e553a20628a87') in 0.0173532 seconds
Number of updated asset objects reloaded before import = 0Number of asset objects unloaded after import = 3

========================================================================
Received Import Request.
  Time since last request: 5.598820 seconds.
  path: Assets/_Sprites/parededomercado/canos da parede/cano4_0.asset
  artifactKey: Guid(750d992b8143bc4468bf8f58ec4a4bb8) Importer(815301076,1909f56bfc062723c751e8b465ee728b)
Start importing Assets/_Sprites/parededomercado/canos da parede/cano4_0.asset using Guid(750d992b8143bc4468bf8f58ec4a4bb8) Importer(815301076,1909f56bfc062723c751e8b465ee728b) (PreviewImporter) -> (artifact id: '2ef29d0b5d06a75186f1441576f90cc3') in 0.0074708 seconds
Number of updated asset objects reloaded before import = 0Number of asset objects unloaded after import = 1

========================================================================
Received Import Request.
  Time since last request: 0.849376 seconds.
  path: Assets/_Sprites/parededomercado/canos da parede/cano4_0.asset
  artifactKey: Guid(750d992b8143bc4468bf8f58ec4a4bb8) Importer(2089858483,b0f066a214c2f5e87bad3c948f4d605d)
Start importing Assets/_Sprites/parededomercado/canos da parede/cano4_0.asset using Guid(750d992b8143bc4468bf8f58ec4a4bb8) Importer(2089858483,b0f066a214c2f5e87bad3c948f4d605d) (ScriptedImporter) -> (artifact id: '76550c9458312e2f4dd89f3d7b33bce0') in 0.0112719 seconds
Number of updated asset objects reloaded before import = 0Number of asset objects unloaded after import = 1

========================================================================
Received Import Request.
  Time since last request: 9.974602 seconds.
  path: Assets/_Sprites/parededomercado/canos da parede/cano-da-parede 2.png
  artifactKey: Guid(6ebe90b1d8a766849b7b6cf9c685f7e3) Importer(815301076,1909f56bfc062723c751e8b465ee728b)
Start importing Assets/_Sprites/parededomercado/canos da parede/cano-da-parede 2.png using Guid(6ebe90b1d8a766849b7b6cf9c685f7e3) Importer(815301076,1909f56bfc062723c751e8b465ee728b) (PreviewImporter) -> (artifact id: 'f0c9ceda146e6d3e20ee34b495e78b28') in 0.017122 seconds
Number of updated asset objects reloaded before import = 0Number of asset objects unloaded after import = 3

========================================================================
Received Import Request.
  Time since last request: 0.861254 seconds.
  path: Assets/_Sprites/parededomercado/canos da parede/cano-da-parede 2.png
  artifactKey: Guid(6ebe90b1d8a766849b7b6cf9c685f7e3) Importer(2089858483,b0f066a214c2f5e87bad3c948f4d605d)
Start importing Assets/_Sprites/parededomercado/canos da parede/cano-da-parede 2.png using Guid(6ebe90b1d8a766849b7b6cf9c685f7e3) Importer(2089858483,b0f066a214c2f5e87bad3c948f4d605d) (ScriptedImporter) -> (artifact id: '5ace5368382a7a09c55bf8a334d7f23d') in 0.0168222 seconds
Number of updated asset objects reloaded before import = 0Number of asset objects unloaded after import = 3

========================================================================
Received Import Request.
  Time since last request: 12.498117 seconds.
  path: Assets/_Sprites/parededomercado/canos da parede/cano-da-parede3.png
  artifactKey: Guid(6e51e155949f670428974fe7910f28f9) Importer(815301076,1909f56bfc062723c751e8b465ee728b)
Start importing Assets/_Sprites/parededomercado/canos da parede/cano-da-parede3.png using Guid(6e51e155949f670428974fe7910f28f9) Importer(815301076,1909f56bfc062723c751e8b465ee728b) (PreviewImporter) -> (artifact id: 'd51627863240a988c3e8b38899063a99') in 0.0895866 seconds
Number of updated asset objects reloaded before import = 0Number of asset objects unloaded after import = 3

========================================================================
Received Import Request.
  Time since last request: 0.794264 seconds.
  path: Assets/_Sprites/parededomercado/canos da parede/cano-da-parede3.png
  artifactKey: Guid(6e51e155949f670428974fe7910f28f9) Importer(2089858483,b0f066a214c2f5e87bad3c948f4d605d)
Start importing Assets/_Sprites/parededomercado/canos da parede/cano-da-parede3.png using Guid(6e51e155949f670428974fe7910f28f9) Importer(2089858483,b0f066a214c2f5e87bad3c948f4d605d) (ScriptedImporter) -> (artifact id: 'a5f4be1ed6a28116d97f8e269946bff2') in 0.0158664 seconds
Number of updated asset objects reloaded before import = 0Number of asset objects unloaded after import = 3

========================================================================
Received Import Request.
  Time since last request: 37.107731 seconds.
  path: Assets/_Sprites/parededomercado/canos da parede/canos.prefab
  artifactKey: Guid(828989891fb999a4cbff2f7676af494f) Importer(815301076,1909f56bfc062723c751e8b465ee728b)
Start importing Assets/_Sprites/parededomercado/canos da parede/canos.prefab using Guid(828989891fb999a4cbff2f7676af494f) Importer(815301076,1909f56bfc062723c751e8b465ee728b) (PreviewImporter) -> (artifact id: 'c727684d57a3ebaca968212cdd225e9a') in 0.1129554 seconds
Number of updated asset objects reloaded before import = 0Number of asset objects unloaded after import = 28

========================================================================
Received Import Request.
  Time since last request: 0.792071 seconds.
  path: Assets/_Sprites/parededomercado/canos da parede/ecaixe-da-parede2.png
  artifactKey: Guid(31b5d272541ad8d408bd0f95cf410990) Importer(2089858483,b0f066a214c2f5e87bad3c948f4d605d)
Start importing Assets/_Sprites/parededomercado/canos da parede/ecaixe-da-parede2.png using Guid(31b5d272541ad8d408bd0f95cf410990) Importer(2089858483,b0f066a214c2f5e87bad3c948f4d605d) (ScriptedImporter) -> (artifact id: '65a0047e570bde3f188d1d2a73fba193') in 0.0179196 seconds
Number of updated asset objects reloaded before import = 0Number of asset objects unloaded after import = 3

========================================================================
Received Import Request.
  Time since last request: 30.498330 seconds.
  path: Assets/_Sprites/parededomercado/canos da parede/canos.prefab
  artifactKey: Guid(828989891fb999a4cbff2f7676af494f) Importer(815301076,1909f56bfc062723c751e8b465ee728b)
Start importing Assets/_Sprites/parededomercado/canos da parede/canos.prefab using Guid(828989891fb999a4cbff2f7676af494f) Importer(815301076,1909f56bfc062723c751e8b465ee728b) (PreviewImporter) -> (artifact id: '5076a69dda5b7936a55c0ef7f7f7c9e9') in 0.0357137 seconds
Number of updated asset objects reloaded before import = 0Number of asset objects unloaded after import = 28

========================================================================
Received Import Request.
  Time since last request: 0.862761 seconds.
  path: Assets/_Sprites/parededomercado/canos da parede/ecaixe-da-parede.asset
  artifactKey: Guid(18877e0280525f4429e072ac80b878f2) Importer(2089858483,b0f066a214c2f5e87bad3c948f4d605d)
Start importing Assets/_Sprites/parededomercado/canos da parede/ecaixe-da-parede.asset using Guid(18877e0280525f4429e072ac80b878f2) Importer(2089858483,b0f066a214c2f5e87bad3c948f4d605d) (ScriptedImporter) -> (artifact id: '86105019b3bc9e530412214596b7467e') in 0.0071107 seconds
Number of updated asset objects reloaded before import = 0Number of asset objects unloaded after import = 2

========================================================================
Received Import Request.
  Time since last request: 43.771545 seconds.
  path: Assets/_Sprites/parededomercado/canos da parede/canos.prefab
  artifactKey: Guid(828989891fb999a4cbff2f7676af494f) Importer(2089858483,b0f066a214c2f5e87bad3c948f4d605d)
Start importing Assets/_Sprites/parededomercado/canos da parede/canos.prefab using Guid(828989891fb999a4cbff2f7676af494f) Importer(2089858483,b0f066a214c2f5e87bad3c948f4d605d) (ScriptedImporter) -> (artifact id: '04caf69585fea4ec3f8eb55c163c0abc') in 0.0120166 seconds
Number of updated asset objects reloaded before import = 0Number of asset objects unloaded after import = 10

========================================================================
Received Import Request.
  Time since last request: 52.667617 seconds.
  path: Assets/_Sprites/parededomercado/paredes/cano-da-parede 2.asset
  artifactKey: Guid(5c87b8d922d830a4e88256085f812f22) Importer(815301076,1909f56bfc062723c751e8b465ee728b)
Start importing Assets/_Sprites/parededomercado/paredes/cano-da-parede 2.asset using Guid(5c87b8d922d830a4e88256085f812f22) Importer(815301076,1909f56bfc062723c751e8b465ee728b) (PreviewImporter) -> (artifact id: 'ecb430fb5a909583727475bb8ae4c27a') in 0.0129852 seconds
Number of updated asset objects reloaded before import = 0Number of asset objects unloaded after import = 3

========================================================================
Received Import Request.
  Time since last request: 5.905755 seconds.
  path: Assets/_Sprites/parededomercado/canos da parede/canos.prefab
  artifactKey: Guid(828989891fb999a4cbff2f7676af494f) Importer(815301076,1909f56bfc062723c751e8b465ee728b)
Start importing Assets/_Sprites/parededomercado/canos da parede/canos.prefab using Guid(828989891fb999a4cbff2f7676af494f) Importer(815301076,1909f56bfc062723c751e8b465ee728b) (PreviewImporter) -> (artifact id: 'e108a2a0112fe808108827b1ebeaf2ab') in 0.1037696 seconds
Number of updated asset objects reloaded before import = 0Number of asset objects unloaded after import = 28

========================================================================
Received Import Request.
  Time since last request: 11.700832 seconds.
  path: Assets/_Sprites/parededomercado/canos-da-parede
  artifactKey: Guid(14e56d45a7f0e5a4382a9321e7ea710e) Importer(815301076,1909f56bfc062723c751e8b465ee728b)
Start importing Assets/_Sprites/parededomercado/canos-da-parede using Guid(14e56d45a7f0e5a4382a9321e7ea710e) Importer(815301076,1909f56bfc062723c751e8b465ee728b) (PreviewImporter) -> (artifact id: '6e342db463c34a707c0cd481769bf4f3') in 0.0015625 seconds
Number of updated asset objects reloaded before import = 0Number of asset objects unloaded after import = 0

========================================================================
Received Import Request.
  Time since last request: 0.828215 seconds.
  path: Assets/_Sprites/parededomercado/canos-da-parede
  artifactKey: Guid(14e56d45a7f0e5a4382a9321e7ea710e) Importer(2089858483,b0f066a214c2f5e87bad3c948f4d605d)
Start importing Assets/_Sprites/parededomercado/canos-da-parede using Guid(14e56d45a7f0e5a4382a9321e7ea710e) Importer(2089858483,b0f066a214c2f5e87bad3c948f4d605d) (ScriptedImporter) -> (artifact id: 'c7b67aa0ef7d37ffc84ef4a2d2f87aca') in 0.0146623 seconds
Number of updated asset objects reloaded before import = 0Number of asset objects unloaded after import = 1

========================================================================
Received Import Request.
  Time since last request: 0.102415 seconds.
  path: Assets/_Sprites/parededomercado/canos-da-parede/ecaixe-da-parede2.png
  artifactKey: Guid(31b5d272541ad8d408bd0f95cf410990) Importer(2089858483,b0f066a214c2f5e87bad3c948f4d605d)
Start importing Assets/_Sprites/parededomercado/canos-da-parede/ecaixe-da-parede2.png using Guid(31b5d272541ad8d408bd0f95cf410990) Importer(2089858483,b0f066a214c2f5e87bad3c948f4d605d) (ScriptedImporter) -> (artifact id: '5c4af3a63cba74c5b84ab3842e7623cd') in 0.0082275 seconds
Number of updated asset objects reloaded before import = 0Number of asset objects unloaded after import = 3

========================================================================
Received Import Request.
  Time since last request: 0.000029 seconds.
  path: Assets/_Sprites/parededomercado/canos-da-parede/cano-da-parede3.png
  artifactKey: Guid(6e51e155949f670428974fe7910f28f9) Importer(2089858483,b0f066a214c2f5e87bad3c948f4d605d)
Start importing Assets/_Sprites/parededomercado/canos-da-parede/cano-da-parede3.png using Guid(6e51e155949f670428974fe7910f28f9) Importer(2089858483,b0f066a214c2f5e87bad3c948f4d605d) (ScriptedImporter) -> (artifact id: 'dcb9e84ddd248b04f807b7185d5b7fb0') in 0.0115277 seconds
Number of updated asset objects reloaded before import = 0Number of asset objects unloaded after import = 3

========================================================================
Received Import Request.
  Time since last request: 0.000044 seconds.
  path: Assets/_Sprites/parededomercado/canos-da-parede/cano para a parede 1.png
  artifactKey: Guid(622079878c7c4ea4da21f4f0ad7d0791) Importer(2089858483,b0f066a214c2f5e87bad3c948f4d605d)
Start importing Assets/_Sprites/parededomercado/canos-da-parede/cano para a parede 1.png using Guid(622079878c7c4ea4da21f4f0ad7d0791) Importer(2089858483,b0f066a214c2f5e87bad3c948f4d605d) (ScriptedImporter) -> (artifact id: '4e04edf1398c58207f5cf7c51025e578') in 0.0116661 seconds
Number of updated asset objects reloaded before import = 0Number of asset objects unloaded after import = 3

========================================================================
Received Import Request.
  Time since last request: 0.000088 seconds.
  path: Assets/_Sprites/parededomercado/canos-da-parede/cano4.png
  artifactKey: Guid(97f66fd26ba2c96429f4fe5b4a9cadaf) Importer(2089858483,b0f066a214c2f5e87bad3c948f4d605d)
Start importing Assets/_Sprites/parededomercado/canos-da-parede/cano4.png using Guid(97f66fd26ba2c96429f4fe5b4a9cadaf) Importer(2089858483,b0f066a214c2f5e87bad3c948f4d605d) (ScriptedImporter) -> (artifact id: '06d70add611de70eb490dd9b0ab22d96') in 0.0112552 seconds
Number of updated asset objects reloaded before import = 0Number of asset objects unloaded after import = 3

========================================================================
Received Import Request.
  Time since last request: 12.449741 seconds.
  path: Assets/_Sprites/parededomercado/canosdaparede
  artifactKey: Guid(14e56d45a7f0e5a4382a9321e7ea710e) Importer(815301076,1909f56bfc062723c751e8b465ee728b)
Start importing Assets/_Sprites/parededomercado/canosdaparede using Guid(14e56d45a7f0e5a4382a9321e7ea710e) Importer(815301076,1909f56bfc062723c751e8b465ee728b) (PreviewImporter) -> (artifact id: 'ceb7b6d3f57bf3cae827db42fb2853eb') in 0.001504 seconds
Number of updated asset objects reloaded before import = 0Number of asset objects unloaded after import = 0

========================================================================
Received Import Request.
  Time since last request: 0.859922 seconds.
  path: Assets/_Sprites/parededomercado/canosdaparede
  artifactKey: Guid(14e56d45a7f0e5a4382a9321e7ea710e) Importer(2089858483,b0f066a214c2f5e87bad3c948f4d605d)
Start importing Assets/_Sprites/parededomercado/canosdaparede using Guid(14e56d45a7f0e5a4382a9321e7ea710e) Importer(2089858483,b0f066a214c2f5e87bad3c948f4d605d) (ScriptedImporter) -> (artifact id: 'cda8005abdbf88f88a7e6a9b89bf10e0') in 0.0113195 seconds
Number of updated asset objects reloaded before import = 0Number of asset objects unloaded after import = 1

========================================================================
Received Import Request.
  Time since last request: 0.000032 seconds.
  path: Assets/_Sprites/parededomercado/canosdaparede/cano-da-parede3.png
  artifactKey: Guid(6e51e155949f670428974fe7910f28f9) Importer(2089858483,b0f066a214c2f5e87bad3c948f4d605d)
Start importing Assets/_Sprites/parededomercado/canosdaparede/cano-da-parede3.png using Guid(6e51e155949f670428974fe7910f28f9) Importer(2089858483,b0f066a214c2f5e87bad3c948f4d605d) (ScriptedImporter) -> (artifact id: '0adf1e0b28bd3ae18f2fc3ac2629f74e') in 0.0108389 seconds
Number of updated asset objects reloaded before import = 0Number of asset objects unloaded after import = 3

========================================================================
Received Import Request.
  Time since last request: 0.000082 seconds.
  path: Assets/_Sprites/parededomercado/canosdaparede/cano4_0.asset
  artifactKey: Guid(750d992b8143bc4468bf8f58ec4a4bb8) Importer(2089858483,b0f066a214c2f5e87bad3c948f4d605d)
Start importing Assets/_Sprites/parededomercado/canosdaparede/cano4_0.asset using Guid(750d992b8143bc4468bf8f58ec4a4bb8) Importer(2089858483,b0f066a214c2f5e87bad3c948f4d605d) (ScriptedImporter) -> (artifact id: '66f40f1aaedfe1995f734784c1fb5c70') in 0.0052975 seconds
Number of updated asset objects reloaded before import = 0Number of asset objects unloaded after import = 1

========================================================================
Received Import Request.
  Time since last request: 0.000026 seconds.
  path: Assets/_Sprites/parededomercado/canosdaparede/canos.prefab
  artifactKey: Guid(828989891fb999a4cbff2f7676af494f) Importer(2089858483,b0f066a214c2f5e87bad3c948f4d605d)
Start importing Assets/_Sprites/parededomercado/canosdaparede/canos.prefab using Guid(828989891fb999a4cbff2f7676af494f) Importer(2089858483,b0f066a214c2f5e87bad3c948f4d605d) (ScriptedImporter) -> (artifact id: 'd75733fa9ba44f7bc489c4e8e5ab7cd4') in 0.0070559 seconds
Number of updated asset objects reloaded before import = 0Number of asset objects unloaded after import = 10

========================================================================
Received Import Request.
  Time since last request: 0.000024 seconds.
  path: Assets/_Sprites/parededomercado/canosdaparede/ecaixe-da-parede.asset
  artifactKey: Guid(18877e0280525f4429e072ac80b878f2) Importer(2089858483,b0f066a214c2f5e87bad3c948f4d605d)
Start importing Assets/_Sprites/parededomercado/canosdaparede/ecaixe-da-parede.asset using Guid(18877e0280525f4429e072ac80b878f2) Importer(2089858483,b0f066a214c2f5e87bad3c948f4d605d) (ScriptedImporter) -> (artifact id: '6c46208718e3a4a08ef04e8e5ed87cd4') in 0.005864 seconds
Number of updated asset objects reloaded before import = 0Number of asset objects unloaded after import = 2

========================================================================
Received Import Request.
  Time since last request: 33.920964 seconds.
  path: Assets/Scenes/SampleScene.unity
  artifactKey: Guid(8c9cfa26abfee488c85f1582747f6a02) Importer(2089858483,b0f066a214c2f5e87bad3c948f4d605d)
Start importing Assets/Scenes/SampleScene.unity using Guid(8c9cfa26abfee488c85f1582747f6a02) Importer(2089858483,b0f066a214c2f5e87bad3c948f4d605d) (ScriptedImporter) -> (artifact id: '7f4583ee6723a9527d9f100801484fea') in 0.0413455 seconds
Number of updated asset objects reloaded before import = 0Number of asset objects unloaded after import = 1

========================================================================
Received Import Request.
  Time since last request: 81.758610 seconds.
  path: Assets/_Sprites/bancadasdeperto/bancadas_de_perto.prefab
  artifactKey: Guid(755ac84ea4d31464295cc9c3fc6d6c42) Importer(815301076,1909f56bfc062723c751e8b465ee728b)
Start importing Assets/_Sprites/bancadasdeperto/bancadas_de_perto.prefab using Guid(755ac84ea4d31464295cc9c3fc6d6c42) Importer(815301076,1909f56bfc062723c751e8b465ee728b) (PreviewImporter) -> (artifact id: 'abfc641df3f8e48dab50b54b201ecb5e') in 0.0535454 seconds
Number of updated asset objects reloaded before import = 0Number of asset objects unloaded after import = 10

========================================================================
Received Import Request.
  Time since last request: 0.686360 seconds.
  path: Assets/_Sprites/bancadasdeperto/bancadas_de_perto.prefab
  artifactKey: Guid(755ac84ea4d31464295cc9c3fc6d6c42) Importer(2089858483,b0f066a214c2f5e87bad3c948f4d605d)
Start importing Assets/_Sprites/bancadasdeperto/bancadas_de_perto.prefab using Guid(755ac84ea4d31464295cc9c3fc6d6c42) Importer(2089858483,b0f066a214c2f5e87bad3c948f4d605d) (ScriptedImporter) -> (artifact id: '140bf3d971336c131339b58b75500ac1') in 0.0141049 seconds
Number of updated asset objects reloaded before import = 0Number of asset objects unloaded after import = 10

========================================================================
Received Import Request.
  Time since last request: 1.423208 seconds.
  path: Assets/_Sprites/bancadasdeperto/bancadas_de_perto.prefab
  artifactKey: Guid(755ac84ea4d31464295cc9c3fc6d6c42) Importer(815301076,1909f56bfc062723c751e8b465ee728b)
Start importing Assets/_Sprites/bancadasdeperto/bancadas_de_perto.prefab using Guid(755ac84ea4d31464295cc9c3fc6d6c42) Importer(815301076,1909f56bfc062723c751e8b465ee728b) (PreviewImporter) -> (artifact id: '4412440459a0469ea409eb038026d716') in 0.0210331 seconds
Number of updated asset objects reloaded before import = 0Number of asset objects unloaded after import = 13

========================================================================
Received Import Request.
  Time since last request: 0.870102 seconds.
  path: Assets/_Sprites/bancadasdeperto/bancadas_de_perto.prefab
  artifactKey: Guid(755ac84ea4d31464295cc9c3fc6d6c42) Importer(2089858483,b0f066a214c2f5e87bad3c948f4d605d)
Start importing Assets/_Sprites/bancadasdeperto/bancadas_de_perto.prefab using Guid(755ac84ea4d31464295cc9c3fc6d6c42) Importer(2089858483,b0f066a214c2f5e87bad3c948f4d605d) (ScriptedImporter) -> (artifact id: 'ebb9f044957d6b335c199fcedaece7cb') in 0.0138831 seconds
Number of updated asset objects reloaded before import = 0Number of asset objects unloaded after import = 10

========================================================================
Received Import Request.
  Time since last request: 1.710500 seconds.
  path: Assets/_Sprites/bancadasdeperto/bancadas_de_perto.prefab
  artifactKey: Guid(755ac84ea4d31464295cc9c3fc6d6c42) Importer(815301076,1909f56bfc062723c751e8b465ee728b)
Start importing Assets/_Sprites/bancadasdeperto/bancadas_de_perto.prefab using Guid(755ac84ea4d31464295cc9c3fc6d6c42) Importer(815301076,1909f56bfc062723c751e8b465ee728b) (PreviewImporter) -> (artifact id: '4cfafc755b68e217b349f2d0ab6d44a6') in 0.0195922 seconds
Number of updated asset objects reloaded before import = 0Number of asset objects unloaded after import = 16

========================================================================
Received Import Request.
  Time since last request: 0.882348 seconds.
  path: Assets/_Sprites/bancadasdeperto/bancadas_de_perto.prefab
  artifactKey: Guid(755ac84ea4d31464295cc9c3fc6d6c42) Importer(2089858483,b0f066a214c2f5e87bad3c948f4d605d)
Start importing Assets/_Sprites/bancadasdeperto/bancadas_de_perto.prefab using Guid(755ac84ea4d31464295cc9c3fc6d6c42) Importer(2089858483,b0f066a214c2f5e87bad3c948f4d605d) (ScriptedImporter) -> (artifact id: '965d867d42f5d9063cbc8220b96c95a3') in 0.0102202 seconds
Number of updated asset objects reloaded before import = 0Number of asset objects unloaded after import = 10

========================================================================
Received Import Request.
  Time since last request: 5.075642 seconds.
  path: Assets/_Sprites/bancadasdeperto/bancadas_de_perto.prefab
  artifactKey: Guid(755ac84ea4d31464295cc9c3fc6d6c42) Importer(815301076,1909f56bfc062723c751e8b465ee728b)
Start importing Assets/_Sprites/bancadasdeperto/bancadas_de_perto.prefab using Guid(755ac84ea4d31464295cc9c3fc6d6c42) Importer(815301076,1909f56bfc062723c751e8b465ee728b) (PreviewImporter) -> (artifact id: 'ad6ee2492b80ee65db23cb3c9d79c058') in 0.0201218 seconds
Number of updated asset objects reloaded before import = 0Number of asset objects unloaded after import = 19

========================================================================
Received Import Request.
  Time since last request: 0.869285 seconds.
  path: Assets/_Sprites/bancadasdeperto/bancadas_de_perto.prefab
  artifactKey: Guid(755ac84ea4d31464295cc9c3fc6d6c42) Importer(2089858483,b0f066a214c2f5e87bad3c948f4d605d)
Start importing Assets/_Sprites/bancadasdeperto/bancadas_de_perto.prefab using Guid(755ac84ea4d31464295cc9c3fc6d6c42) Importer(2089858483,b0f066a214c2f5e87bad3c948f4d605d) (ScriptedImporter) -> (artifact id: 'ec889e3ba2a0d1b81d57d102a6f8dadf') in 0.0110936 seconds
Number of updated asset objects reloaded before import = 0Number of asset objects unloaded after import = 10

========================================================================
Received Import Request.
  Time since last request: 255.807379 seconds.
  path: Assets/Scenes/SampleScene.unity
  artifactKey: Guid(8c9cfa26abfee488c85f1582747f6a02) Importer(2089858483,b0f066a214c2f5e87bad3c948f4d605d)
Start importing Assets/Scenes/SampleScene.unity using Guid(8c9cfa26abfee488c85f1582747f6a02) Importer(2089858483,b0f066a214c2f5e87bad3c948f4d605d) (ScriptedImporter) -> (artifact id: '669aea46a70bd806df78fa6ae30cc07c') in 0.0363095 seconds
Number of updated asset objects reloaded before import = 0Number of asset objects unloaded after import = 1

